run_id,architecture,attack,collision_fall,n_collision_falls,target_fell_pre,uavs_fallen
A_comm_disruption_r1_1785310399,A,comm_disruption,True,2,False,uav_1|uav_2
A_comm_disruption_r2_1785310621,A,comm_disruption,False,0,False,
A_comm_disruption_r3_1785310843,A,comm_disruption,False,0,False,
A_comm_disruption_r4_1785311064,A,comm_disruption,True,2,False,uav_1|uav_2
A_comm_disruption_r5_1785311285,A,comm_disruption,True,1,False,uav_1
A_gps_spoofing_r1_1785307071,A,gps_spoofing,False,0,False,
A_gps_spoofing_r2_1785307293,A,gps_spoofing,False,0,False,
A_gps_spoofing_r3_1785307514,A,gps_spoofing,True,1,False,uav_2
A_gps_spoofing_r4_1785307736,A,gps_spoofing,False,0,False,
A_gps_spoofing_r5_1785307958,A,gps_spoofing,False,0,False,
A_none_r1_1785303742,A,none,False,0,False,
A_none_r2_1785303964,A,none,True,2,False,uav_1|uav_2
A_none_r3_1785304188,A,none,False,0,False,
A_none_r4_1785304410,A,none,False,0,False,
A_none_r5_1785304631,A,none,False,0,False,
B_comm_disruption_r1_1785311508,B,comm_disruption,True,1,False,uav_1
B_comm_disruption_r2_1785311729,B,comm_disruption,False,0,False,
B_comm_disruption_r3_1785311950,B,comm_disruption,False,0,False,
B_comm_disruption_r4_1785312171,B,comm_disruption,True,1,False,uav_0
B_comm_disruption_r5_1785312392,B,comm_disruption,True,1,False,uav_0
B_gps_spoofing_r1_1785308180,B,gps_spoofing,False,0,False,
B_gps_spoofing_r2_1785308401,B,gps_spoofing,False,0,False,
B_gps_spoofing_r3_1785308623,B,gps_spoofing,False,0,False,
B_gps_spoofing_r4_1785308845,B,gps_spoofing,False,0,False,
B_gps_spoofing_r5_1785309067,B,gps_spoofing,True,1,False,uav_1
B_none_r1_1785304853,B,none,False,0,False,
B_none_r2_1785305075,B,none,False,0,False,
B_none_r3_1785305297,B,none,True,2,False,uav_1|uav_2
B_none_r4_1785305518,B,none,False,0,False,
B_none_r5_1785305739,B,none,False,0,False,
C_comm_disruption_r1_1785312616,C,comm_disruption,False,0,False,
C_comm_disruption_r2_1785312839,C,comm_disruption,False,0,False,
C_comm_disruption_r3_1785313061,C,comm_disruption,True,1,False,uav_0
C_gps_spoofing_r1_1785309289,C,gps_spoofing,False,0,False,
C_gps_spoofing_r2_1785309511,C,gps_spoofing,True,1,False,uav_1
C_gps_spoofing_r3_1785309732,C,gps_spoofing,False,0,False,
C_gps_spoofing_r4_1785309955,C,gps_spoofing,True,1,True,uav_0
C_gps_spoofing_r5_1785310177,C,gps_spoofing,True,1,False,uav_1
C_none_r1_1785305961,C,none,False,0,False,
C_none_r2_1785306183,C,none,False,0,False,
C_none_r3_1785306405,C,none,False,0,False,
C_none_r4_1785306627,C,none,False,0,False,
C_none_r5_1785306849,C,none,False,0,False,
A_command_injection_r1_1785394169,A,command_injection,False,0,False,
A_command_injection_r2_1785394394,A,command_injection,False,0,False,
A_command_injection_r3_1785394615,A,command_injection,True,1,False,uav_0
A_command_injection_r4_1785407105,A,command_injection,True,1,False,uav_2
A_command_injection_r5_1785407327,A,command_injection,True,2,True,uav_0|uav_1
B_command_injection_r1_1785394837,B,command_injection,False,0,False,
B_command_injection_r2_1785395059,B,command_injection,False,0,False,
B_command_injection_r3_1785395281,B,command_injection,False,0,False,
B_command_injection_r4_1785407548,B,command_injection,True,1,False,uav_2
B_command_injection_r5_1785407769,B,command_injection,False,0,False,
C_command_injection_r1_1785395502,C,command_injection,False,0,False,
C_command_injection_r2_1785395726,C,command_injection,False,0,False,
C_command_injection_r3_1785395949,C,command_injection,False,0,False,
C_command_injection_r4_1785407990,C,command_injection,False,0,False,
C_command_injection_r5_1785408213,C,command_injection,True,2,False,uav_0|uav_1
A_command_injection_r1_1785408738,A,command_injection,False,0,False,
A_command_injection_r2_1785408959,A,command_injection,False,0,False,
A_command_injection_r3_1785409181,A,command_injection,True,1,True,uav_0
A_command_injection_r4_1785409402,A,command_injection,False,0,False,
A_command_injection_r5_1785409623,A,command_injection,False,0,False,
B_command_injection_r1_1785409845,B,command_injection,False,0,False,
B_command_injection_r2_1785410066,B,command_injection,False,0,False,
B_command_injection_r3_1785410287,B,command_injection,False,0,False,
B_command_injection_r4_1785410509,B,command_injection,False,0,False,
B_command_injection_r5_1785410730,B,command_injection,False,0,False,
C_command_injection_r1_1785410951,C,command_injection,True,2,True,uav_0|uav_1
C_command_injection_r2_1785411173,C,command_injection,False,0,False,
C_command_injection_r3_1785411397,C,command_injection,False,0,False,
C_command_injection_r4_1785411619,C,command_injection,False,0,False,
C_command_injection_r5_1785411843,C,command_injection,False,0,False,
A_command_injection_r1_1785412368,A,command_injection,False,0,False,
A_command_injection_r2_1785412588,A,command_injection,True,1,False,uav_1
A_command_injection_r3_1785412809,A,command_injection,False,0,False,
A_command_injection_r4_1785413031,A,command_injection,False,0,False,
A_command_injection_r5_1785413252,A,command_injection,False,0,False,
B_command_injection_r1_1785413473,B,command_injection,True,4,False,uav_1|uav_2
B_command_injection_r2_1785413694,B,command_injection,False,0,False,
B_command_injection_r3_1785413916,B,command_injection,True,1,False,uav_2
B_command_injection_r4_1785414137,B,command_injection,False,0,False,
B_command_injection_r5_1785414358,B,command_injection,False,0,False,
C_command_injection_r1_1785414579,C,command_injection,False,0,False,
C_command_injection_r2_1785414802,C,command_injection,False,0,False,
C_command_injection_r3_1785415025,C,command_injection,False,0,False,
C_command_injection_r4_1785415247,C,command_injection,False,0,False,
C_command_injection_r5_1785415470,C,command_injection,False,0,False,
A_detector_takeout+gps_spoofing_r1_1785415995,A,detector_takeout+gps_spoofing,False,0,False,
A_detector_takeout+gps_spoofing_r2_1785416216,A,detector_takeout+gps_spoofing,True,1,False,uav_1
A_detector_takeout+gps_spoofing_r3_1785416492,A,detector_takeout+gps_spoofing,False,0,False,
A_detector_takeout+gps_spoofing_r4_1785416713,A,detector_takeout+gps_spoofing,False,0,False,
A_detector_takeout+gps_spoofing_r5_1785416933,A,detector_takeout+gps_spoofing,False,0,False,
B_detector_takeout+gps_spoofing_r1_1785417155,B,detector_takeout+gps_spoofing,False,0,False,
B_detector_takeout+gps_spoofing_r2_1785417375,B,detector_takeout+gps_spoofing,True,1,True,uav_0
B_detector_takeout+gps_spoofing_r3_1785417596,B,detector_takeout+gps_spoofing,False,0,False,
B_detector_takeout+gps_spoofing_r4_1785417818,B,detector_takeout+gps_spoofing,False,0,False,
B_detector_takeout+gps_spoofing_r5_1785418039,B,detector_takeout+gps_spoofing,False,0,False,
C_detector_takeout+gps_spoofing_r1_1785418261,C,detector_takeout+gps_spoofing,False,0,False,
C_detector_takeout+gps_spoofing_r2_1785418484,C,detector_takeout+gps_spoofing,False,0,False,
C_detector_takeout+gps_spoofing_r3_1785418707,C,detector_takeout+gps_spoofing,False,0,False,
C_detector_takeout+gps_spoofing_r4_1785418928,C,detector_takeout+gps_spoofing,False,0,False,
C_detector_takeout+gps_spoofing_r5_1785419150,C,detector_takeout+gps_spoofing,False,0,False,
A_detector_takeout+gps_spoofing_r1_1785419674,A,detector_takeout+gps_spoofing,False,0,False,
A_detector_takeout+gps_spoofing_r2_1785419896,A,detector_takeout+gps_spoofing,False,0,False,
A_detector_takeout+gps_spoofing_r3_1785420118,A,detector_takeout+gps_spoofing,True,2,False,uav_0|uav_1
A_detector_takeout+gps_spoofing_r4_1785420339,A,detector_takeout+gps_spoofing,True,2,True,uav_0|uav_2
A_detector_takeout+gps_spoofing_r5_1785420561,A,detector_takeout+gps_spoofing,False,0,False,
B_detector_takeout+gps_spoofing_r1_1785420782,B,detector_takeout+gps_spoofing,False,0,False,
B_detector_takeout+gps_spoofing_r2_1785421003,B,detector_takeout+gps_spoofing,False,0,False,
B_detector_takeout+gps_spoofing_r3_1785421224,B,detector_takeout+gps_spoofing,False,0,False,
B_detector_takeout+gps_spoofing_r4_1785421446,B,detector_takeout+gps_spoofing,False,0,False,
B_detector_takeout+gps_spoofing_r5_1785421668,B,detector_takeout+gps_spoofing,False,0,False,
C_detector_takeout+gps_spoofing_r1_1785421890,C,detector_takeout+gps_spoofing,False,0,False,
C_detector_takeout+gps_spoofing_r2_1785422113,C,detector_takeout+gps_spoofing,False,0,False,
C_detector_takeout+gps_spoofing_r3_1785422336,C,detector_takeout+gps_spoofing,False,0,False,
C_detector_takeout+gps_spoofing_r4_1785422560,C,detector_takeout+gps_spoofing,False,0,False,
C_detector_takeout+gps_spoofing_r5_1785422782,C,detector_takeout+gps_spoofing,False,0,False,
A_detector_takeout+gps_spoofing_r3_1785423635,A,detector_takeout+gps_spoofing,True,1,False,uav_1
A_detector_takeout+gps_spoofing_r4_1785423857,A,detector_takeout+gps_spoofing,False,0,False,
A_detector_takeout+gps_spoofing_r5_1785424079,A,detector_takeout+gps_spoofing,False,0,False,
B_detector_takeout+gps_spoofing_r1_1785424300,B,detector_takeout+gps_spoofing,True,1,True,uav_0
B_detector_takeout+gps_spoofing_r2_1785424521,B,detector_takeout+gps_spoofing,True,2,False,uav_1|uav_2
B_detector_takeout+gps_spoofing_r3_1785424743,B,detector_takeout+gps_spoofing,False,0,False,
B_detector_takeout+gps_spoofing_r4_1785424964,B,detector_takeout+gps_spoofing,True,2,False,uav_1|uav_2
B_detector_takeout+gps_spoofing_r5_1785425186,B,detector_takeout+gps_spoofing,False,0,False,
C_detector_takeout+gps_spoofing_r1_1785425407,C,detector_takeout+gps_spoofing,False,0,False,
C_detector_takeout+gps_spoofing_r2_1785425630,C,detector_takeout+gps_spoofing,False,0,False,
C_detector_takeout+gps_spoofing_r3_1785425852,C,detector_takeout+gps_spoofing,False,0,False,
C_detector_takeout+gps_spoofing_r4_1785426075,C,detector_takeout+gps_spoofing,False,0,False,
C_detector_takeout+gps_spoofing_r5_1785426298,C,detector_takeout+gps_spoofing,False,0,False,
A_detector_takeout+gps_spoofing_r1_1785426823,A,detector_takeout+gps_spoofing,False,0,False,
A_detector_takeout+gps_spoofing_r2_1785427044,A,detector_takeout+gps_spoofing,False,0,False,
A_detector_takeout+gps_spoofing_r3_1785427265,A,detector_takeout+gps_spoofing,False,0,False,
A_detector_takeout+gps_spoofing_r4_1785427487,A,detector_takeout+gps_spoofing,False,0,False,
A_detector_takeout+gps_spoofing_r5_1785427708,A,detector_takeout+gps_spoofing,False,0,False,
B_detector_takeout+gps_spoofing_r1_1785427931,B,detector_takeout+gps_spoofing,False,0,False,
B_detector_takeout+gps_spoofing_r2_1785428152,B,detector_takeout+gps_spoofing,False,0,False,
B_detector_takeout+gps_spoofing_r3_1785428374,B,detector_takeout+gps_spoofing,False,0,False,
B_detector_takeout+gps_spoofing_r4_1785428595,B,detector_takeout+gps_spoofing,False,0,False,
B_detector_takeout+gps_spoofing_r5_1785428817,B,detector_takeout+gps_spoofing,False,0,False,
C_detector_takeout+gps_spoofing_r1_1785429037,C,detector_takeout+gps_spoofing,False,0,False,
C_detector_takeout+gps_spoofing_r2_1785429259,C,detector_takeout+gps_spoofing,False,0,False,
C_detector_takeout+gps_spoofing_r3_1785429482,C,detector_takeout+gps_spoofing,False,0,False,
C_detector_takeout+gps_spoofing_r4_1785429704,C,detector_takeout+gps_spoofing,False,0,False,
C_detector_takeout+gps_spoofing_r5_1785429926,C,detector_takeout+gps_spoofing,False,0,False,
A_detector_takeout+gps_spoofing_r1_1785430451,A,detector_takeout+gps_spoofing,False,0,False,
A_detector_takeout+gps_spoofing_r2_1785430672,A,detector_takeout+gps_spoofing,False,0,False,
A_detector_takeout+gps_spoofing_r3_1785430893,A,detector_takeout+gps_spoofing,False,0,False,
A_detector_takeout+gps_spoofing_r4_1785431114,A,detector_takeout+gps_spoofing,False,0,False,
A_detector_takeout+gps_spoofing_r5_1785431335,A,detector_takeout+gps_spoofing,False,0,False,
B_detector_takeout+gps_spoofing_r1_1785431556,B,detector_takeout+gps_spoofing,False,0,False,
B_detector_takeout+gps_spoofing_r2_1785431777,B,detector_takeout+gps_spoofing,False,0,False,
B_detector_takeout+gps_spoofing_r3_1785431997,B,detector_takeout+gps_spoofing,False,0,False,
B_detector_takeout+gps_spoofing_r4_1785432218,B,detector_takeout+gps_spoofing,True,1,True,uav_0
B_detector_takeout+gps_spoofing_r5_1785432440,B,detector_takeout+gps_spoofing,False,0,False,
C_detector_takeout+gps_spoofing_r1_1785432661,C,detector_takeout+gps_spoofing,False,0,False,
C_detector_takeout+gps_spoofing_r2_1785432883,C,detector_takeout+gps_spoofing,False,0,False,
C_detector_takeout+gps_spoofing_r3_1785433105,C,detector_takeout+gps_spoofing,True,2,False,uav_0|uav_1
C_detector_takeout+gps_spoofing_r4_1785433328,C,detector_takeout+gps_spoofing,False,0,False,
C_detector_takeout+gps_spoofing_r5_1785433552,C,detector_takeout+gps_spoofing,False,0,False,
A_detector_takeout+gps_spoofing_r1_1785434077,A,detector_takeout+gps_spoofing,False,0,False,
A_detector_takeout+gps_spoofing_r2_1785434298,A,detector_takeout+gps_spoofing,False,0,False,
A_detector_takeout+gps_spoofing_r3_1785434520,A,detector_takeout+gps_spoofing,False,0,False,
A_detector_takeout+gps_spoofing_r4_1785434740,A,detector_takeout+gps_spoofing,False,0,False,
A_detector_takeout+gps_spoofing_r5_1785434961,A,detector_takeout+gps_spoofing,False,0,False,
B_detector_takeout+gps_spoofing_r1_1785435182,B,detector_takeout+gps_spoofing,False,0,False,
B_detector_takeout+gps_spoofing_r2_1785435402,B,detector_takeout+gps_spoofing,False,0,False,
B_detector_takeout+gps_spoofing_r3_1785435623,B,detector_takeout+gps_spoofing,False,0,False,
B_detector_takeout+gps_spoofing_r4_1785435845,B,detector_takeout+gps_spoofing,False,0,False,
B_detector_takeout+gps_spoofing_r5_1785436066,B,detector_takeout+gps_spoofing,True,2,False,uav_1|uav_2
C_detector_takeout+gps_spoofing_r1_1785436288,C,detector_takeout+gps_spoofing,False,0,False,
C_detector_takeout+gps_spoofing_r2_1785436510,C,detector_takeout+gps_spoofing,False,0,False,
C_detector_takeout+gps_spoofing_r3_1785436732,C,detector_takeout+gps_spoofing,False,0,False,
C_detector_takeout+gps_spoofing_r4_1785436956,C,detector_takeout+gps_spoofing,False,0,False,
C_detector_takeout+gps_spoofing_r5_1785437178,C,detector_takeout+gps_spoofing,True,1,True,uav_0
A_monitor_takeout+gps_spoofing_r1_1785437703,A,monitor_takeout+gps_spoofing,False,0,False,
A_monitor_takeout+gps_spoofing_r2_1785437924,A,monitor_takeout+gps_spoofing,False,0,False,
A_monitor_takeout+gps_spoofing_r3_1785438145,A,monitor_takeout+gps_spoofing,False,0,False,
A_monitor_takeout+gps_spoofing_r4_1785438366,A,monitor_takeout+gps_spoofing,False,0,False,
A_monitor_takeout+gps_spoofing_r5_1785438587,A,monitor_takeout+gps_spoofing,False,0,False,
B_monitor_takeout+gps_spoofing_r1_1785438807,B,monitor_takeout+gps_spoofing,False,0,False,
B_monitor_takeout+gps_spoofing_r2_1785439029,B,monitor_takeout+gps_spoofing,False,0,False,
B_monitor_takeout+gps_spoofing_r3_1785439250,B,monitor_takeout+gps_spoofing,False,0,False,
B_monitor_takeout+gps_spoofing_r4_1785439470,B,monitor_takeout+gps_spoofing,False,0,False,
B_monitor_takeout+gps_spoofing_r5_1785439692,B,monitor_takeout+gps_spoofing,False,0,False,
C_monitor_takeout+gps_spoofing_r1_1785439913,C,monitor_takeout+gps_spoofing,True,1,False,uav_2
C_monitor_takeout+gps_spoofing_r2_1785440135,C,monitor_takeout+gps_spoofing,False,0,False,
C_monitor_takeout+gps_spoofing_r3_1785440358,C,monitor_takeout+gps_spoofing,False,0,False,
C_monitor_takeout+gps_spoofing_r4_1785440581,C,monitor_takeout+gps_spoofing,True,1,False,uav_1
C_monitor_takeout+gps_spoofing_r5_1785440804,C,monitor_takeout+gps_spoofing,False,0,False,
A_monitor_takeout+gps_spoofing_r1_1785441328,A,monitor_takeout+gps_spoofing,True,1,False,uav_1
A_monitor_takeout+gps_spoofing_r2_1785441549,A,monitor_takeout+gps_spoofing,True,1,False,uav_2
A_monitor_takeout+gps_spoofing_r3_1785441770,A,monitor_takeout+gps_spoofing,False,0,False,
A_monitor_takeout+gps_spoofing_r4_1785441991,A,monitor_takeout+gps_spoofing,False,0,False,
A_monitor_takeout+gps_spoofing_r5_1785442213,A,monitor_takeout+gps_spoofing,False,0,False,
B_monitor_takeout+gps_spoofing_r1_1785442434,B,monitor_takeout+gps_spoofing,False,0,False,
B_monitor_takeout+gps_spoofing_r2_1785442654,B,monitor_takeout+gps_spoofing,False,0,False,
B_monitor_takeout+gps_spoofing_r3_1785442875,B,monitor_takeout+gps_spoofing,False,0,False,
B_monitor_takeout+gps_spoofing_r4_1785443097,B,monitor_takeout+gps_spoofing,True,2,False,uav_1|uav_2
B_monitor_takeout+gps_spoofing_r5_1785443318,B,monitor_takeout+gps_spoofing,True,1,False,uav_2
C_monitor_takeout+gps_spoofing_r1_1785443540,C,monitor_takeout+gps_spoofing,False,0,False,
C_monitor_takeout+gps_spoofing_r2_1785443762,C,monitor_takeout+gps_spoofing,True,1,False,uav_0
C_monitor_takeout+gps_spoofing_r3_1785443984,C,monitor_takeout+gps_spoofing,False,0,False,
C_monitor_takeout+gps_spoofing_r4_1785444207,C,monitor_takeout+gps_spoofing,True,1,False,uav_0
C_monitor_takeout+gps_spoofing_r5_1785444428,C,monitor_takeout+gps_spoofing,False,0,False,
A_monitor_takeout+gps_spoofing_r1_1785444952,A,monitor_takeout+gps_spoofing,True,2,False,uav_1|uav_2
A_monitor_takeout+gps_spoofing_r2_1785445174,A,monitor_takeout+gps_spoofing,False,0,False,
A_monitor_takeout+gps_spoofing_r3_1785445395,A,monitor_takeout+gps_spoofing,True,2,False,uav_1|uav_2
A_monitor_takeout+gps_spoofing_r4_1785445616,A,monitor_takeout+gps_spoofing,False,0,False,
A_monitor_takeout+gps_spoofing_r5_1785445838,A,monitor_takeout+gps_spoofing,False,0,False,
B_monitor_takeout+gps_spoofing_r1_1785446060,B,monitor_takeout+gps_spoofing,False,0,False,
B_monitor_takeout+gps_spoofing_r2_1785446281,B,monitor_takeout+gps_spoofing,False,0,False,
B_monitor_takeout+gps_spoofing_r3_1785446504,B,monitor_takeout+gps_spoofing,False,0,False,
B_monitor_takeout+gps_spoofing_r4_1785446725,B,monitor_takeout+gps_spoofing,False,0,False,
B_monitor_takeout+gps_spoofing_r5_1785446946,B,monitor_takeout+gps_spoofing,False,0,False,
C_monitor_takeout+gps_spoofing_r1_1785447168,C,monitor_takeout+gps_spoofing,False,0,False,
C_monitor_takeout+gps_spoofing_r2_1785447390,C,monitor_takeout+gps_spoofing,False,0,False,
C_monitor_takeout+gps_spoofing_r3_1785447614,C,monitor_takeout+gps_spoofing,False,0,False,
C_monitor_takeout+gps_spoofing_r4_1785447836,C,monitor_takeout+gps_spoofing,False,0,False,
C_monitor_takeout+gps_spoofing_r5_1785448058,C,monitor_takeout+gps_spoofing,False,0,False,
A_monitor_takeout+gps_spoofing_r2_1785448745,A,monitor_takeout+gps_spoofing,False,0,False,
A_monitor_takeout+gps_spoofing_r3_1785448967,A,monitor_takeout+gps_spoofing,False,0,False,
A_monitor_takeout+gps_spoofing_r4_1785449190,A,monitor_takeout+gps_spoofing,False,0,False,
A_monitor_takeout+gps_spoofing_r5_1785449411,A,monitor_takeout+gps_spoofing,False,0,False,
B_monitor_takeout+gps_spoofing_r1_1785449632,B,monitor_takeout+gps_spoofing,False,0,False,
B_monitor_takeout+gps_spoofing_r2_1785449853,B,monitor_takeout+gps_spoofing,True,1,False,uav_1
B_monitor_takeout+gps_spoofing_r3_1785450075,B,monitor_takeout+gps_spoofing,False,0,False,
B_monitor_takeout+gps_spoofing_r4_1785450297,B,monitor_takeout+gps_spoofing,False,0,False,
B_monitor_takeout+gps_spoofing_r5_1785450518,B,monitor_takeout+gps_spoofing,True,2,True,uav_0|uav_1
C_monitor_takeout+gps_spoofing_r1_1785450739,C,monitor_takeout+gps_spoofing,False,0,False,
C_monitor_takeout+gps_spoofing_r2_1785450961,C,monitor_takeout+gps_spoofing,False,0,False,
C_monitor_takeout+gps_spoofing_r3_1785451183,C,monitor_takeout+gps_spoofing,False,0,False,
C_monitor_takeout+gps_spoofing_r4_1785451406,C,monitor_takeout+gps_spoofing,False,0,False,
C_monitor_takeout+gps_spoofing_r5_1785451628,C,monitor_takeout+gps_spoofing,False,0,False,
A_monitor_takeout+gps_spoofing_r1_1785452152,A,monitor_takeout+gps_spoofing,True,2,False,uav_1|uav_2
A_monitor_takeout+gps_spoofing_r2_1785452373,A,monitor_takeout+gps_spoofing,False,0,False,
A_monitor_takeout+gps_spoofing_r3_1785452596,A,monitor_takeout+gps_spoofing,False,0,False,
A_monitor_takeout+gps_spoofing_r4_1785452816,A,monitor_takeout+gps_spoofing,False,0,False,
B_monitor_takeout+gps_spoofing_r1_1785453258,B,monitor_takeout+gps_spoofing,False,0,False,
B_monitor_takeout+gps_spoofing_r2_1785453478,B,monitor_takeout+gps_spoofing,False,0,False,
B_monitor_takeout+gps_spoofing_r3_1785453700,B,monitor_takeout+gps_spoofing,False,0,False,
B_monitor_takeout+gps_spoofing_r4_1785453921,B,monitor_takeout+gps_spoofing,False,0,False,
B_monitor_takeout+gps_spoofing_r5_1785454143,B,monitor_takeout+gps_spoofing,False,0,False,
C_monitor_takeout+gps_spoofing_r1_1785454365,C,monitor_takeout+gps_spoofing,True,1,False,uav_0
C_monitor_takeout+gps_spoofing_r2_1785454588,C,monitor_takeout+gps_spoofing,False,0,False,
C_monitor_takeout+gps_spoofing_r3_1785454810,C,monitor_takeout+gps_spoofing,False,0,False,
C_monitor_takeout+gps_spoofing_r4_1785455033,C,monitor_takeout+gps_spoofing,False,0,False,
C_monitor_takeout+gps_spoofing_r5_1785455255,C,monitor_takeout+gps_spoofing,True,1,False,uav_2
A_monitor_takeout+gps_spoofing_r1_1785455779,A,monitor_takeout+gps_spoofing,False,0,False,
A_monitor_takeout+gps_spoofing_r2_1785456001,A,monitor_takeout+gps_spoofing,False,0,False,
A_monitor_takeout+gps_spoofing_r3_1785456222,A,monitor_takeout+gps_spoofing,True,2,False,uav_1|uav_2
A_monitor_takeout+gps_spoofing_r4_1785456443,A,monitor_takeout+gps_spoofing,False,0,False,
A_monitor_takeout+gps_spoofing_r5_1785456665,A,monitor_takeout+gps_spoofing,False,0,False,
B_monitor_takeout+gps_spoofing_r1_1785456887,B,monitor_takeout+gps_spoofing,False,0,False,
B_monitor_takeout+gps_spoofing_r2_1785457108,B,monitor_takeout+gps_spoofing,False,0,False,
B_monitor_takeout+gps_spoofing_r3_1785457328,B,monitor_takeout+gps_spoofing,False,0,False,
B_monitor_takeout+gps_spoofing_r4_1785457549,B,monitor_takeout+gps_spoofing,False,0,False,
B_monitor_takeout+gps_spoofing_r5_1785457770,B,monitor_takeout+gps_spoofing,True,1,True,uav_0
C_monitor_takeout+gps_spoofing_r1_1785457992,C,monitor_takeout+gps_spoofing,False,0,False,
C_monitor_takeout+gps_spoofing_r2_1785458214,C,monitor_takeout+gps_spoofing,False,0,False,
C_monitor_takeout+gps_spoofing_r3_1785458437,C,monitor_takeout+gps_spoofing,True,4,True,uav_0|uav_1
C_monitor_takeout+gps_spoofing_r4_1785458660,C,monitor_takeout+gps_spoofing,False,0,False,
C_monitor_takeout+gps_spoofing_r5_1785458882,C,monitor_takeout+gps_spoofing,True,1,False,uav_1
A_gps_spoofing_r1_1785561888,A,gps_spoofing,True,2,True,uav_0|uav_1
A_gps_spoofing_r2_1785562112,A,gps_spoofing,False,0,False,
A_gps_spoofing_r3_1785562334,A,gps_spoofing,False,0,False,
A_gps_spoofing_r4_1785562555,A,gps_spoofing,True,2,False,uav_1|uav_2
A_gps_spoofing_r5_1785562777,A,gps_spoofing,False,0,False,
B_gps_spoofing_r1_1785562997,B,gps_spoofing,False,0,False,
B_gps_spoofing_r2_1785563219,B,gps_spoofing,False,0,False,
B_gps_spoofing_r3_1785563441,B,gps_spoofing,False,0,False,
B_gps_spoofing_r4_1785563663,B,gps_spoofing,True,1,False,uav_1
B_gps_spoofing_r5_1785563884,B,gps_spoofing,True,1,False,uav_1
C_gps_spoofing_r1_1785564106,C,gps_spoofing,False,0,False,
C_gps_spoofing_r2_1785564328,C,gps_spoofing,False,0,False,
C_gps_spoofing_r3_1785564550,C,gps_spoofing,False,0,False,
C_gps_spoofing_r4_1785564773,C,gps_spoofing,False,0,False,
C_gps_spoofing_r5_1785564996,C,gps_spoofing,False,0,False,
A_gps_spoofing_r1_1785569154,A,gps_spoofing,False,0,False,
A_gps_spoofing_r2_1785569376,A,gps_spoofing,False,0,False,
A_gps_spoofing_r3_1785569597,A,gps_spoofing,True,1,False,uav_1
A_gps_spoofing_r4_1785569818,A,gps_spoofing,False,0,False,
A_gps_spoofing_r5_1785570039,A,gps_spoofing,False,0,False,
B_gps_spoofing_r1_1785570261,B,gps_spoofing,True,2,False,uav_1|uav_2
B_gps_spoofing_r2_1785570483,B,gps_spoofing,False,0,False,
B_gps_spoofing_r3_1785570705,B,gps_spoofing,False,0,False,
B_gps_spoofing_r4_1785570926,B,gps_spoofing,True,2,False,uav_1|uav_2
B_gps_spoofing_r5_1785571148,B,gps_spoofing,False,0,False,
C_gps_spoofing_r1_1785571370,C,gps_spoofing,False,0,False,
C_gps_spoofing_r2_1785571592,C,gps_spoofing,True,1,False,uav_1
C_gps_spoofing_r3_1785571814,C,gps_spoofing,False,0,False,
C_gps_spoofing_r4_1785572037,C,gps_spoofing,False,0,False,
C_gps_spoofing_r5_1785572260,C,gps_spoofing,False,0,False,
A_comm_disruption_r1_1785565520,A,comm_disruption,False,0,False,
A_comm_disruption_r2_1785565742,A,comm_disruption,True,1,False,uav_2
A_comm_disruption_r3_1785565964,A,comm_disruption,True,2,False,uav_0|uav_2
A_comm_disruption_r4_1785566186,A,comm_disruption,True,1,False,uav_1
A_comm_disruption_r5_1785566408,A,comm_disruption,True,1,False,uav_1
B_comm_disruption_r1_1785566628,B,comm_disruption,True,2,False,uav_1|uav_2
B_comm_disruption_r2_1785566849,B,comm_disruption,False,0,False,
B_comm_disruption_r3_1785567073,B,comm_disruption,True,1,False,uav_1
B_comm_disruption_r4_1785567294,B,comm_disruption,False,0,False,
B_comm_disruption_r5_1785567516,B,comm_disruption,False,0,False,
C_comm_disruption_r1_1785567737,C,comm_disruption,True,1,False,uav_1
C_comm_disruption_r2_1785567960,C,comm_disruption,False,0,False,
C_comm_disruption_r3_1785568182,C,comm_disruption,True,2,False,uav_0|uav_1
C_comm_disruption_r4_1785568407,C,comm_disruption,True,1,False,uav_1
C_comm_disruption_r5_1785568630,C,comm_disruption,False,0,False,
A_comm_disruption_r1_1785572785,A,comm_disruption,False,0,False,
A_comm_disruption_r2_1785573007,A,comm_disruption,True,2,False,uav_0|uav_1
A_comm_disruption_r3_1785573228,A,comm_disruption,False,0,False,
A_comm_disruption_r4_1785573449,A,comm_disruption,True,1,False,uav_1
A_comm_disruption_r5_1785573671,A,comm_disruption,True,1,False,uav_1
B_comm_disruption_r1_1785573893,B,comm_disruption,True,1,False,uav_2
B_comm_disruption_r2_1785574114,B,comm_disruption,True,1,False,uav_2
B_comm_disruption_r3_1785574337,B,comm_disruption,False,0,False,
B_comm_disruption_r4_1785574558,B,comm_disruption,False,0,False,
B_comm_disruption_r5_1785574780,B,comm_disruption,True,1,False,uav_1
C_comm_disruption_r1_1785575001,C,comm_disruption,False,0,False,
C_comm_disruption_r2_1785575224,C,comm_disruption,True,1,True,uav_0
C_comm_disruption_r3_1785575447,C,comm_disruption,False,0,False,
C_comm_disruption_r4_1785575669,C,comm_disruption,False,0,False,
C_comm_disruption_r5_1785575891,C,comm_disruption,True,1,False,uav_0
A_none_r1_1785481806,A,none,False,0,False,
A_none_r2_1785482028,A,none,False,0,False,
A_none_r3_1785482250,A,none,False,0,False,
A_none_r4_1785482471,A,none,False,0,False,
A_none_r5_1785482693,A,none,False,0,False,
B_none_r1_1785482914,B,none,False,0,False,
B_none_r2_1785483136,B,none,False,0,False,
B_none_r3_1785483357,B,none,True,2,False,uav_0|uav_1
B_none_r4_1785483580,B,none,True,2,False,uav_1|uav_2
B_none_r5_1785483802,B,none,False,0,False,
C_none_r1_1785484024,C,none,False,0,False,
C_none_r2_1785484247,C,none,False,0,False,
C_none_r3_1785484469,C,none,False,0,False,
C_none_r4_1785484691,C,none,False,0,False,
C_none_r5_1785484914,C,none,False,0,False,
A_none_r1_1785485440,A,none,False,0,False,
A_none_r2_1785485662,A,none,True,2,False,uav_1|uav_2
A_none_r3_1785485887,A,none,False,0,False,
A_none_r4_1785486108,A,none,False,0,False,
A_none_r5_1785486328,A,none,False,0,False,
B_none_r1_1785486550,B,none,True,2,False,uav_1|uav_2
B_none_r2_1785486772,B,none,False,0,False,
B_none_r3_1785486994,B,none,True,1,False,uav_2
B_none_r4_1785487217,B,none,True,2,False,uav_0|uav_1
B_none_r5_1785487439,B,none,True,1,False,uav_2
C_none_r1_1785487661,C,none,False,0,False,
C_none_r2_1785487884,C,none,False,0,False,
C_none_r3_1785488107,C,none,False,0,False,
C_none_r4_1785488329,C,none,False,0,False,
C_none_r5_1785488551,C,none,False,0,False,
A_none_r1_1785489076,A,none,False,0,False,
A_none_r2_1785489298,A,none,False,0,False,
A_none_r3_1785489519,A,none,False,0,False,
A_none_r4_1785489740,A,none,False,0,False,
A_none_r5_1785489960,A,none,False,0,False,
B_none_r1_1785490182,B,none,False,0,False,
B_none_r2_1785490403,B,none,False,0,False,
B_none_r3_1785490624,B,none,False,0,False,
B_none_r4_1785490845,B,none,False,0,False,
B_none_r5_1785491067,B,none,False,0,False,
C_none_r1_1785491289,C,none,False,0,False,
C_none_r2_1785491511,C,none,False,0,False,
C_none_r3_1785491734,C,none,False,0,False,
C_none_r4_1785491956,C,none,False,0,False,
C_none_r5_1785492179,C,none,False,0,False,
A_none_r1_1785492704,A,none,False,0,False,
A_none_r2_1785492926,A,none,False,0,False,
A_none_r3_1785493149,A,none,False,0,False,
A_none_r4_1785493370,A,none,True,1,False,uav_0
A_none_r5_1785493592,A,none,False,0,False,
B_none_r1_1785493813,B,none,False,0,False,
B_none_r2_1785494035,B,none,False,0,False,
B_none_r3_1785494256,B,none,False,0,False,
B_none_r4_1785494478,B,none,True,2,False,uav_0|uav_1
B_none_r5_1785494699,B,none,True,2,False,uav_0|uav_1
C_none_r1_1785494921,C,none,True,1,False,uav_0
C_none_r2_1785495143,C,none,False,0,False,
C_none_r3_1785495366,C,none,False,0,False,
C_none_r4_1785495588,C,none,False,0,False,
C_none_r5_1785495812,C,none,False,0,False,
A_none_r1_1785496337,A,none,True,1,False,uav_1
A_none_r2_1785496559,A,none,False,0,False,
A_none_r3_1785496781,A,none,True,1,False,uav_0
A_none_r4_1785497002,A,none,False,0,False,
A_none_r5_1785497223,A,none,True,2,False,uav_0|uav_2
B_none_r1_1785497444,B,none,False,0,False,
B_none_r2_1785497665,B,none,False,0,False,
B_none_r3_1785497885,B,none,False,0,False,
B_none_r4_1785498106,B,none,False,0,False,
B_none_r5_1785498327,B,none,False,0,False,
C_none_r1_1785498549,C,none,False,0,False,
C_none_r2_1785498771,C,none,False,0,False,
C_none_r3_1785498995,C,none,False,0,False,
C_none_r4_1785499217,C,none,False,0,False,
C_none_r5_1785499439,C,none,False,0,False,
A_none_r1_1785499965,A,none,True,2,False,uav_1|uav_2
A_none_r2_1785500187,A,none,False,0,False,
A_none_r3_1785500408,A,none,True,1,False,uav_1
A_none_r4_1785500630,A,none,False,0,False,
A_none_r5_1785500852,A,none,True,1,False,uav_0
B_none_r1_1785501074,B,none,False,0,False,
B_none_r2_1785501294,B,none,False,0,False,
B_none_r3_1785501516,B,none,False,0,False,
B_none_r4_1785501736,B,none,False,0,False,
B_none_r5_1785501957,B,none,False,0,False,
C_none_r1_1785502179,C,none,False,0,False,
C_none_r2_1785502403,C,none,False,0,False,
C_none_r3_1785502625,C,none,False,0,False,
C_none_r4_1785502848,C,none,False,0,False,
C_none_r5_1785503071,C,none,False,0,False,
