run_id,architecture,attack,nav_error_end_m,nav_error_peak_m,t_estimate_jump_s,t_first_response_s,first_response_action,post_response_drift_m,route_distance_m,waypoints_captured,mission_execution
A_comm_disruption_r1_1785310399,A,comm_disruption,,0.0059,,,,,0.3072368579436111,3,0.42857142857142855
A_comm_disruption_r2_1785310621,A,comm_disruption,,0.0307,,,,,0.3920538266773592,3,0.42857142857142855
A_comm_disruption_r3_1785310843,A,comm_disruption,,0.0459,,,,,1.8252568874071513,3,0.42857142857142855
A_comm_disruption_r4_1785311064,A,comm_disruption,,0.0034,,,,,8.006743040339245,2,0.2857142857142857
A_comm_disruption_r5_1785311285,A,comm_disruption,,0.05,,,,,0.9099000589390429,3,0.42857142857142855
A_gps_spoofing_r1_1785307071,A,gps_spoofing,49.9482,50.9324,7.579,,,,49.85298105308275,2,0.2857142857142857
A_gps_spoofing_r2_1785307293,A,gps_spoofing,49.8268,50.8777,8.24,,,,49.73793538543601,2,0.2857142857142857
A_gps_spoofing_r3_1785307514,A,gps_spoofing,49.947,50.8811,6.261,,,,49.67911381016736,2,0.2857142857142857
A_gps_spoofing_r4_1785307736,A,gps_spoofing,49.99745,50.8419,5.444,,,,49.8518967166484,2,0.2857142857142857
A_gps_spoofing_r5_1785307958,A,gps_spoofing,50.0027,50.7482,7.479,,,,49.906403235800425,2,0.2857142857142857
A_none_r1_1785303742,A,none,0.26034999999999997,0.9148,,,,,,7,1.0
A_none_r2_1785303964,A,none,,0.7923,,,,,,1,0.14285714285714285
A_none_r3_1785304188,A,none,0.2858,0.9318,,,,,,7,1.0
A_none_r4_1785304410,A,none,0.22985,1.0272,,,,,,7,1.0
A_none_r5_1785304631,A,none,0.21345,1.069,,,,,,7,1.0
B_comm_disruption_r1_1785311508,B,comm_disruption,,0.0501,,,,,1.1954818606496864,3,0.42857142857142855
B_comm_disruption_r2_1785311729,B,comm_disruption,,0.0229,,,,,0.38473311189851883,3,0.42857142857142855
B_comm_disruption_r3_1785311950,B,comm_disruption,,0.029,,,,,1.0113497082544654,3,0.42857142857142855
B_comm_disruption_r4_1785312171,B,comm_disruption,,0.1053,,,,,4.980065382806189,3,0.42857142857142855
B_comm_disruption_r5_1785312392,B,comm_disruption,,,,,,,2.303411449120001,2,0.2857142857142857
B_gps_spoofing_r1_1785308180,B,gps_spoofing,49.93865,50.7922,7.829,,,,49.87120971637268,2,0.2857142857142857
B_gps_spoofing_r2_1785308401,B,gps_spoofing,50.0088,50.8701,8.104,,,,49.88941486953257,2,0.2857142857142857
B_gps_spoofing_r3_1785308623,B,gps_spoofing,49.9485,50.6065,6.197,,,,49.71146552174883,2,0.2857142857142857
B_gps_spoofing_r4_1785308845,B,gps_spoofing,49.8952,50.6716,7.581,,,,49.89466266169815,2,0.2857142857142857
B_gps_spoofing_r5_1785309067,B,gps_spoofing,49.88205,50.796,8.138,,,,49.9744531446505,2,0.2857142857142857
B_none_r1_1785304853,B,none,0.30135,1.0291,,,,,,7,1.0
B_none_r2_1785305075,B,none,0.24215000000000003,1.0353,,,,,,7,1.0
B_none_r3_1785305297,B,none,0.1894,0.9452,,,,,,8,1.1428571428571428
B_none_r4_1785305518,B,none,0.3547,1.0361,,,,,,7,1.0
B_none_r5_1785305739,B,none,0.27235,1.0272,,,,,,7,1.0
C_comm_disruption_r1_1785312616,C,comm_disruption,,0.0132,,,,,2.0512488426200273,3,0.42857142857142855
C_comm_disruption_r2_1785312839,C,comm_disruption,,0.0513,,,,,0.3233310998055955,3,0.42857142857142855
C_comm_disruption_r3_1785313061,C,comm_disruption,,0.0038,,,,,1.6496205748126371,3,0.42857142857142855
C_gps_spoofing_r1_1785309289,C,gps_spoofing,49.9388,50.0157,7.8,3.0216896533966064,mode_loiter,50.00233298695998,19.664744946490618,2,0.2857142857142857
C_gps_spoofing_r2_1785309511,C,gps_spoofing,50.03705,50.0812,1.623,5.0657103061676025,mode_loiter,24.01018951535138,1.6797130482470628,2,0.2857142857142857
C_gps_spoofing_r3_1785309732,C,gps_spoofing,50.0126,50.0252,8.107,2.761089563369751,mode_loiter,50.006642762765885,19.678021979010904,2,0.2857142857142857
C_gps_spoofing_r4_1785309955,C,gps_spoofing,49.99825,50.2416,1.9,,,,3.2396900996165385,0,0.0
C_gps_spoofing_r5_1785310177,C,gps_spoofing,50.025800000000004,50.1166,7.388,2.9485058784484863,mode_loiter,49.989991530914125,19.629763010120477,2,0.2857142857142857
C_none_r1_1785305961,C,none,0.2448,0.956,,,,,,7,1.0
C_none_r2_1785306183,C,none,0.21505000000000002,0.9606,,,,,,7,1.0
C_none_r3_1785306405,C,none,0.28575,0.9624,,,,,,7,1.0
C_none_r4_1785306627,C,none,0.30615000000000003,0.8968,,,,,,7,1.0
C_none_r5_1785306849,C,none,0.28335,0.9435,,,,,,7,1.0
A_command_injection_r1_1785394169,A,command_injection,0.09765,0.2455,,,,,37.676969493207864,0,0.0
A_command_injection_r2_1785394394,A,command_injection,0.0887,0.648,,,,,37.40166942871781,0,0.0
A_command_injection_r3_1785394615,A,command_injection,0.0697,0.3191,,,,,37.197628989704185,1,0.14285714285714285
A_command_injection_r4_1785407105,A,command_injection,0.0468,0.3222,,,,,37.639081069241904,1,0.14285714285714285
A_command_injection_r5_1785407327,A,command_injection,0.06955,0.2838,,,,,24.257967665587586,1,0.14285714285714285
B_command_injection_r1_1785394837,B,command_injection,0.08424999999999999,0.3835,,,,,37.04956895960362,1,0.14285714285714285
B_command_injection_r2_1785395059,B,command_injection,0.06965,0.4059,,,,,38.620141787251924,0,0.0
B_command_injection_r3_1785395281,B,command_injection,0.0981,0.3362,,,,,37.35491298799995,1,0.14285714285714285
B_command_injection_r4_1785407548,B,command_injection,0.07665,0.4662,,,,,37.54669450766054,1,0.14285714285714285
B_command_injection_r5_1785407769,B,command_injection,0.0644,0.3791,,,,,37.587804521705465,0,0.0
C_command_injection_r1_1785395502,C,command_injection,0.3291,0.9807,,0.024591684341430664,filter_commands,,0.4143203340807574,7,1.0
C_command_injection_r2_1785395726,C,command_injection,0.29175,1.0093,,0.02145862579345703,filter_commands,,0.4129935041917444,7,1.0
C_command_injection_r3_1785395949,C,command_injection,0.30545,1.0227,,0.03451657295227051,filter_commands,,0.41146426031394845,7,1.0
C_command_injection_r4_1785407990,C,command_injection,0.2838,0.856,,0.033191680908203125,filter_commands,,0.4023072064938792,7,1.0
C_command_injection_r5_1785408213,C,command_injection,0.34845000000000004,1.1161,,0.020173311233520508,filter_commands,,2.7498785524165474,6,0.8571428571428571
A_command_injection_r1_1785408738,A,command_injection,0.10625,0.2964,,,,,37.283440471199285,0,0.0
A_command_injection_r2_1785408959,A,command_injection,0.0593,0.2693,,,,,37.53087443004861,1,0.14285714285714285
A_command_injection_r3_1785409181,A,command_injection,0.06375,0.5764,,,,,34.50096581463011,1,0.14285714285714285
A_command_injection_r4_1785409402,A,command_injection,0.10364999999999999,0.4753,,,,,37.61104012684343,0,0.0
A_command_injection_r5_1785409623,A,command_injection,0.07175,0.5577,,,,,37.66690888754148,1,0.14285714285714285
B_command_injection_r1_1785409845,B,command_injection,0.07865,0.2529,,,,,37.27821887966595,0,0.0
B_command_injection_r2_1785410066,B,command_injection,0.0442,0.4646,,,,,38.127244793489325,0,0.0
B_command_injection_r3_1785410287,B,command_injection,0.03475,0.964,,,,,37.77215830810272,0,0.0
B_command_injection_r4_1785410509,B,command_injection,0.1096,0.2349,,,,,37.583884536409286,0,0.0
B_command_injection_r5_1785410730,B,command_injection,0.0596,0.5053,,,,,37.546360642575905,0,0.0
C_command_injection_r1_1785410951,C,command_injection,0.11019999999999999,0.6016,,,,,34.50400041684999,1,0.14285714285714285
C_command_injection_r2_1785411173,C,command_injection,0.329,1.0584,,0.041716814041137695,filter_commands,,0.41929013533104853,7,1.0
C_command_injection_r3_1785411397,C,command_injection,0.15845,1.0555,,0.038675546646118164,filter_commands,,0.374933965787053,7,1.0
C_command_injection_r4_1785411619,C,command_injection,0.3149,1.0103,,0.02198004722595215,filter_commands,,0.4147231708893886,7,1.0
C_command_injection_r5_1785411843,C,command_injection,0.21744999999999998,1.08,,0.0287320613861084,filter_commands,,0.3961024647296224,7,1.0
A_command_injection_r1_1785412368,A,command_injection,0.0741,0.3252,,,,,37.351499805746826,0,0.0
A_command_injection_r2_1785412588,A,command_injection,0.07769999999999999,0.2854,,,,,37.66475349553055,1,0.14285714285714285
A_command_injection_r3_1785412809,A,command_injection,0.06295,0.2013,,,,,38.332243221745294,0,0.0
A_command_injection_r4_1785413031,A,command_injection,0.1103,0.3151,,,,,37.52142858045957,1,0.14285714285714285
A_command_injection_r5_1785413252,A,command_injection,0.0442,0.3774,,,,,37.67278824037794,0,0.0
B_command_injection_r1_1785413473,B,command_injection,0.0963,0.4225,,,,,37.56044620237989,1,0.14285714285714285
B_command_injection_r2_1785413694,B,command_injection,0.10765,0.2688,,,,,37.48168440366766,1,0.14285714285714285
B_command_injection_r3_1785413916,B,command_injection,0.05135000000000001,0.259,,,,,37.43409726567811,1,0.14285714285714285
B_command_injection_r4_1785414137,B,command_injection,0.07014999999999999,0.6937,,,,,37.31291215730231,1,0.14285714285714285
B_command_injection_r5_1785414358,B,command_injection,0.1088,0.6182,,,,,37.61270227576929,0,0.0
C_command_injection_r1_1785414579,C,command_injection,0.2041,0.9298,,0.03335762023925781,filter_commands,,0.39820718540667754,7,1.0
C_command_injection_r2_1785414802,C,command_injection,0.13424999999999998,1.0813,,0.016010046005249023,filter_commands,,0.41573246266083497,7,1.0
C_command_injection_r3_1785415025,C,command_injection,0.29495,0.9994,,0.029807567596435547,filter_commands,,0.43082448948547836,7,1.0
C_command_injection_r4_1785415247,C,command_injection,0.2704,0.9627,,0.028806447982788086,filter_commands,,0.4450449936484512,7,1.0
C_command_injection_r5_1785415470,C,command_injection,0.2298,0.9749,,0.02033376693725586,filter_commands,,0.39440887680129944,7,1.0
A_detector_takeout+gps_spoofing_r1_1785415995,A,detector_takeout+gps_spoofing,50.0021,50.9641,7.644,,,,49.837185968967084,1,0.14285714285714285
A_detector_takeout+gps_spoofing_r2_1785416216,A,detector_takeout+gps_spoofing,49.8942,50.6928,8.22,,,,49.935158128163245,2,0.2857142857142857
A_detector_takeout+gps_spoofing_r3_1785416492,A,detector_takeout+gps_spoofing,49.82955,50.6876,7.387,,,,49.66317823500782,2,0.2857142857142857
A_detector_takeout+gps_spoofing_r4_1785416713,A,detector_takeout+gps_spoofing,49.939449999999994,50.8229,8.344,,,,49.89184574850647,2,0.2857142857142857
A_detector_takeout+gps_spoofing_r5_1785416933,A,detector_takeout+gps_spoofing,49.8673,50.8503,7.955,,,,49.82437032531905,2,0.2857142857142857
B_detector_takeout+gps_spoofing_r1_1785417155,B,detector_takeout+gps_spoofing,49.95335,50.8354,7.771,,,,49.94690298258182,2,0.2857142857142857
B_detector_takeout+gps_spoofing_r2_1785417375,B,detector_takeout+gps_spoofing,49.913799999999995,50.4997,7.907,,,,49.92143890568638,3,0.42857142857142855
B_detector_takeout+gps_spoofing_r3_1785417596,B,detector_takeout+gps_spoofing,49.9417,50.8903,8.249,,,,49.96437421198678,2,0.2857142857142857
B_detector_takeout+gps_spoofing_r4_1785417818,B,detector_takeout+gps_spoofing,49.95215,50.997,7.344,,,,49.9317719843902,2,0.2857142857142857
B_detector_takeout+gps_spoofing_r5_1785418039,B,detector_takeout+gps_spoofing,49.9894,50.5969,8.082,,,,49.85599870076257,2,0.2857142857142857
C_detector_takeout+gps_spoofing_r1_1785418261,C,detector_takeout+gps_spoofing,50.02185,50.0547,7.444,7.345454931259155,mode_loiter,8.063316593837918,0.2730261101450009,1,0.14285714285714285
C_detector_takeout+gps_spoofing_r2_1785418484,C,detector_takeout+gps_spoofing,49.966,49.9924,7.737,7.447848796844482,mode_loiter,7.8337108938724676,0.248709458541299,1,0.14285714285714285
C_detector_takeout+gps_spoofing_r3_1785418707,C,detector_takeout+gps_spoofing,50.0077,50.0439,7.804,7.295855522155762,mode_loiter,8.733626744536831,0.2212512157306339,1,0.14285714285714285
C_detector_takeout+gps_spoofing_r4_1785418928,C,detector_takeout+gps_spoofing,49.9893,49.9985,8.275,7.406296491622925,mode_loiter,7.845013850967444,0.21051030160058304,1,0.14285714285714285
C_detector_takeout+gps_spoofing_r5_1785419150,C,detector_takeout+gps_spoofing,50.0437,50.0978,7.853,8.21549940109253,mode_loiter,8.61873394580125,0.1677359638264626,2,0.2857142857142857
A_detector_takeout+gps_spoofing_r1_1785419674,A,detector_takeout+gps_spoofing,49.9726,51.0144,8.278,,,,49.9459934487574,2,0.2857142857142857
A_detector_takeout+gps_spoofing_r2_1785419896,A,detector_takeout+gps_spoofing,49.92665,50.9275,6.113,,,,49.68452135199399,2,0.2857142857142857
A_detector_takeout+gps_spoofing_r3_1785420118,A,detector_takeout+gps_spoofing,49.64805,50.7145,3.551,,,,49.79019213028228,2,0.2857142857142857
A_detector_takeout+gps_spoofing_r4_1785420339,A,detector_takeout+gps_spoofing,50.0049,50.941,7.395,,,,44.33949227140259,1,0.14285714285714285
A_detector_takeout+gps_spoofing_r5_1785420561,A,detector_takeout+gps_spoofing,50.0084,50.9698,6.633,,,,49.62820749876768,2,0.2857142857142857
B_detector_takeout+gps_spoofing_r1_1785420782,B,detector_takeout+gps_spoofing,49.85055,50.6737,7.599,,,,49.86379599332912,2,0.2857142857142857
B_detector_takeout+gps_spoofing_r2_1785421003,B,detector_takeout+gps_spoofing,49.918,50.8046,7.625,,,,49.90299675765562,2,0.2857142857142857
B_detector_takeout+gps_spoofing_r3_1785421224,B,detector_takeout+gps_spoofing,49.902649999999994,50.9112,7.331,,,,49.82811451496936,2,0.2857142857142857
B_detector_takeout+gps_spoofing_r4_1785421446,B,detector_takeout+gps_spoofing,49.941,50.7423,6.091,,,,49.660966211330745,2,0.2857142857142857
B_detector_takeout+gps_spoofing_r5_1785421668,B,detector_takeout+gps_spoofing,49.9761,50.8047,6.165,,,,49.617161144499775,2,0.2857142857142857
C_detector_takeout+gps_spoofing_r1_1785421890,C,detector_takeout+gps_spoofing,50.0043,50.0398,6.708,7.43415093421936,mode_loiter,8.377129872653061,0.6507211810534919,1,0.14285714285714285
C_detector_takeout+gps_spoofing_r2_1785422113,C,detector_takeout+gps_spoofing,49.963449999999995,50.0084,7.524,7.501728773117065,mode_loiter,7.7661124523536325,0.2049606588930306,1,0.14285714285714285
C_detector_takeout+gps_spoofing_r3_1785422336,C,detector_takeout+gps_spoofing,49.994550000000004,50.0151,7.148,7.500371932983398,mode_loiter,8.465791043530572,0.6403177305771415,1,0.14285714285714285
C_detector_takeout+gps_spoofing_r4_1785422560,C,detector_takeout+gps_spoofing,49.983,50.0006,6.634,6.394256830215454,mode_loiter,9.426196290487297,0.5249081332222046,1,0.14285714285714285
C_detector_takeout+gps_spoofing_r5_1785422782,C,detector_takeout+gps_spoofing,50.00205,50.0224,7.415,8.259584665298462,mode_loiter,7.784444851500066,0.15137732711419005,2,0.2857142857142857
A_detector_takeout+gps_spoofing_r3_1785423635,A,detector_takeout+gps_spoofing,50.0069,50.7104,7.692,,,,49.85855719722201,2,0.2857142857142857
A_detector_takeout+gps_spoofing_r4_1785423857,A,detector_takeout+gps_spoofing,49.825100000000006,50.6853,7.354,,,,49.87570374485053,2,0.2857142857142857
A_detector_takeout+gps_spoofing_r5_1785424079,A,detector_takeout+gps_spoofing,49.8921,50.8476,7.542,,,,49.96929176833479,2,0.2857142857142857
B_detector_takeout+gps_spoofing_r1_1785424300,B,detector_takeout+gps_spoofing,49.9787,50.6458,8.298,,,,49.808118448972074,1,0.14285714285714285
B_detector_takeout+gps_spoofing_r2_1785424521,B,detector_takeout+gps_spoofing,50.004999999999995,50.769,8.242,,,,49.87142142673967,2,0.2857142857142857
B_detector_takeout+gps_spoofing_r3_1785424743,B,detector_takeout+gps_spoofing,49.981399999999994,50.9968,7.962,,,,49.88779418331259,2,0.2857142857142857
B_detector_takeout+gps_spoofing_r4_1785424964,B,detector_takeout+gps_spoofing,49.988550000000004,50.8849,6.142,,,,49.736249407761626,2,0.2857142857142857
B_detector_takeout+gps_spoofing_r5_1785425186,B,detector_takeout+gps_spoofing,49.95915,50.9617,8.054,,,,49.857276490304656,2,0.2857142857142857
C_detector_takeout+gps_spoofing_r1_1785425407,C,detector_takeout+gps_spoofing,50.0426,50.061,8.092,8.29401445388794,mode_loiter,8.543032421258623,0.19051917532281948,2,0.2857142857142857
C_detector_takeout+gps_spoofing_r2_1785425630,C,detector_takeout+gps_spoofing,49.98350000000001,50.0406,7.775,7.432363271713257,mode_loiter,8.525447820004157,0.13578949059677115,1,0.14285714285714285
C_detector_takeout+gps_spoofing_r3_1785425852,C,detector_takeout+gps_spoofing,50.00020000000001,50.0395,7.424,7.411109209060669,mode_loiter,8.49472375600634,0.17129533978326938,1,0.14285714285714285
C_detector_takeout+gps_spoofing_r4_1785426075,C,detector_takeout+gps_spoofing,49.9858,50.0281,8.223,8.021106004714966,mode_loiter,8.466533325244143,0.22804165230193263,2,0.2857142857142857
C_detector_takeout+gps_spoofing_r5_1785426298,C,detector_takeout+gps_spoofing,50.0099,50.0426,7.375,8.313771724700928,mode_loiter,8.10772830636116,0.06914800779992519,1,0.14285714285714285
A_detector_takeout+gps_spoofing_r1_1785426823,A,detector_takeout+gps_spoofing,49.9161,50.8381,7.654,,,,49.8707117394995,2,0.2857142857142857
A_detector_takeout+gps_spoofing_r2_1785427044,A,detector_takeout+gps_spoofing,49.94315,50.802,8.12,,,,49.96009821868938,2,0.2857142857142857
A_detector_takeout+gps_spoofing_r3_1785427265,A,detector_takeout+gps_spoofing,49.940799999999996,50.8978,7.317,,,,49.97537686491643,2,0.2857142857142857
A_detector_takeout+gps_spoofing_r4_1785427487,A,detector_takeout+gps_spoofing,49.95215,50.9393,8.041,,,,49.8776526168611,2,0.2857142857142857
A_detector_takeout+gps_spoofing_r5_1785427708,A,detector_takeout+gps_spoofing,49.937349999999995,50.8116,8.217,,,,49.84248727719881,2,0.2857142857142857
B_detector_takeout+gps_spoofing_r1_1785427931,B,detector_takeout+gps_spoofing,49.9049,50.784,6.818,,,,49.58076380922624,2,0.2857142857142857
B_detector_takeout+gps_spoofing_r2_1785428152,B,detector_takeout+gps_spoofing,49.9717,50.9799,6.701,,,,49.65453424160659,2,0.2857142857142857
B_detector_takeout+gps_spoofing_r3_1785428374,B,detector_takeout+gps_spoofing,49.88995,50.8169,7.762,,,,49.8736630667761,2,0.2857142857142857
B_detector_takeout+gps_spoofing_r4_1785428595,B,detector_takeout+gps_spoofing,49.9153,50.6513,5.468,,,,49.91413689498804,2,0.2857142857142857
B_detector_takeout+gps_spoofing_r5_1785428817,B,detector_takeout+gps_spoofing,49.921350000000004,50.6241,7.637,,,,49.99505237766606,2,0.2857142857142857
C_detector_takeout+gps_spoofing_r1_1785429037,C,detector_takeout+gps_spoofing,49.9952,50.0115,8.159,7.390630722045898,mode_loiter,8.64566251802517,0.23183091989448457,1,0.14285714285714285
C_detector_takeout+gps_spoofing_r2_1785429259,C,detector_takeout+gps_spoofing,49.9818,50.0,7.877,8.307876825332642,mode_loiter,8.813703094309753,0.16981516651303252,2,0.2857142857142857
C_detector_takeout+gps_spoofing_r3_1785429482,C,detector_takeout+gps_spoofing,49.9656,49.9999,7.631,8.306056261062622,mode_loiter,8.113779995436422,0.19765465288509532,2,0.2857142857142857
C_detector_takeout+gps_spoofing_r4_1785429704,C,detector_takeout+gps_spoofing,49.99225,50.0771,7.453,7.324250936508179,mode_loiter,9.23909260072445,1.4217591347848213,1,0.14285714285714285
C_detector_takeout+gps_spoofing_r5_1785429926,C,detector_takeout+gps_spoofing,49.9717,49.9982,6.285,6.344688892364502,mode_loiter,8.573393512267588,0.6011191499742912,1,0.14285714285714285
A_detector_takeout+gps_spoofing_r1_1785430451,A,detector_takeout+gps_spoofing,49.90795,50.9097,6.549,,,,49.59332027752918,2,0.2857142857142857
A_detector_takeout+gps_spoofing_r2_1785430672,A,detector_takeout+gps_spoofing,49.97305,50.4624,7.427,,,,49.842596004578034,2,0.2857142857142857
A_detector_takeout+gps_spoofing_r3_1785430893,A,detector_takeout+gps_spoofing,49.84,50.5632,7.437,,,,49.77128624267054,3,0.42857142857142855
A_detector_takeout+gps_spoofing_r4_1785431114,A,detector_takeout+gps_spoofing,50.00885,50.5216,5.821,,,,49.68466317368536,2,0.2857142857142857
A_detector_takeout+gps_spoofing_r5_1785431335,A,detector_takeout+gps_spoofing,49.89005,50.5702,8.247,,,,49.86549916132248,2,0.2857142857142857
B_detector_takeout+gps_spoofing_r1_1785431556,B,detector_takeout+gps_spoofing,49.94705,50.3766,7.344,,,,49.88694850250095,2,0.2857142857142857
B_detector_takeout+gps_spoofing_r2_1785431777,B,detector_takeout+gps_spoofing,49.9548,50.7793,7.853,,,,49.776608549741866,2,0.2857142857142857
B_detector_takeout+gps_spoofing_r3_1785431997,B,detector_takeout+gps_spoofing,49.8985,50.699,7.112,,,,49.617386515296396,2,0.2857142857142857
B_detector_takeout+gps_spoofing_r4_1785432218,B,detector_takeout+gps_spoofing,49.98785,50.9582,7.752,,,,49.77910515998341,1,0.14285714285714285
B_detector_takeout+gps_spoofing_r5_1785432440,B,detector_takeout+gps_spoofing,49.91515,50.7871,8.062,,,,49.82760737527708,2,0.2857142857142857
C_detector_takeout+gps_spoofing_r1_1785432661,C,detector_takeout+gps_spoofing,50.01305,50.0318,5.11,5.416894435882568,mode_loiter,10.540031596416792,1.0922319009643893,1,0.14285714285714285
C_detector_takeout+gps_spoofing_r2_1785432883,C,detector_takeout+gps_spoofing,49.944500000000005,49.9847,8.218,7.424962759017944,mode_loiter,8.172422174288483,0.29907391059334465,1,0.14285714285714285
C_detector_takeout+gps_spoofing_r3_1785433105,C,detector_takeout+gps_spoofing,50.01575,50.0318,7.884,8.180651664733887,mode_loiter,0.9847086103096937,16.732890748150208,1,0.14285714285714285
C_detector_takeout+gps_spoofing_r4_1785433328,C,detector_takeout+gps_spoofing,49.95295,49.9997,7.368,7.52715277671814,mode_loiter,7.80169164495556,0.17524156085802645,1,0.14285714285714285
C_detector_takeout+gps_spoofing_r5_1785433552,C,detector_takeout+gps_spoofing,50.010549999999995,50.0538,7.855,7.482064723968506,mode_loiter,8.172520159725309,0.17383625686223425,1,0.14285714285714285
A_detector_takeout+gps_spoofing_r1_1785434077,A,detector_takeout+gps_spoofing,49.8973,50.7515,6.405,,,,49.639458725118786,2,0.2857142857142857
A_detector_takeout+gps_spoofing_r2_1785434298,A,detector_takeout+gps_spoofing,49.94425,50.9641,8.14,,,,49.917215689796116,2,0.2857142857142857
A_detector_takeout+gps_spoofing_r3_1785434520,A,detector_takeout+gps_spoofing,49.9042,50.9143,5.879,,,,49.78535112945461,2,0.2857142857142857
A_detector_takeout+gps_spoofing_r4_1785434740,A,detector_takeout+gps_spoofing,49.945499999999996,50.9481,6.497,,,,49.660040005462804,2,0.2857142857142857
A_detector_takeout+gps_spoofing_r5_1785434961,A,detector_takeout+gps_spoofing,49.93815,50.9169,7.815,,,,49.93631181196972,2,0.2857142857142857
B_detector_takeout+gps_spoofing_r1_1785435182,B,detector_takeout+gps_spoofing,49.994749999999996,50.8303,7.492,,,,49.89729427766143,2,0.2857142857142857
B_detector_takeout+gps_spoofing_r2_1785435402,B,detector_takeout+gps_spoofing,49.8739,50.9182,7.017,,,,49.68408205904081,2,0.2857142857142857
B_detector_takeout+gps_spoofing_r3_1785435623,B,detector_takeout+gps_spoofing,49.9679,50.9289,6.292,,,,49.75335191847904,2,0.2857142857142857
B_detector_takeout+gps_spoofing_r4_1785435845,B,detector_takeout+gps_spoofing,49.95545,50.7123,6.869,,,,49.72236210451673,2,0.2857142857142857
B_detector_takeout+gps_spoofing_r5_1785436066,B,detector_takeout+gps_spoofing,49.97795,50.7814,5.826,,,,49.73636044255634,2,0.2857142857142857
C_detector_takeout+gps_spoofing_r1_1785436288,C,detector_takeout+gps_spoofing,49.995999999999995,50.0244,7.85,8.253003597259521,mode_loiter,8.764401109823249,0.3196021307150741,2,0.2857142857142857
C_detector_takeout+gps_spoofing_r2_1785436510,C,detector_takeout+gps_spoofing,49.9953,50.02,7.636,7.333337306976318,mode_loiter,8.236079174911296,0.7696600362227421,1,0.14285714285714285
C_detector_takeout+gps_spoofing_r3_1785436732,C,detector_takeout+gps_spoofing,50.0224,50.0459,7.304,7.432034254074097,mode_loiter,7.763072453358925,0.28404697585950245,1,0.14285714285714285
C_detector_takeout+gps_spoofing_r4_1785436956,C,detector_takeout+gps_spoofing,50.021699999999996,50.0339,4.849,5.461627960205078,mode_loiter,11.126717998497337,0.5684718928459453,1,0.14285714285714285
C_detector_takeout+gps_spoofing_r5_1785437178,C,detector_takeout+gps_spoofing,49.9737,49.9984,7.548,8.227027654647827,mode_loiter,7.8881412057118405,1.8637945074738766,1,0.14285714285714285
A_monitor_takeout+gps_spoofing_r1_1785437703,A,monitor_takeout+gps_spoofing,,,,,,,49.92476800216906,2,0.2857142857142857
A_monitor_takeout+gps_spoofing_r2_1785437924,A,monitor_takeout+gps_spoofing,,,,,,,49.855547049936405,2,0.2857142857142857
A_monitor_takeout+gps_spoofing_r3_1785438145,A,monitor_takeout+gps_spoofing,,,,,,,49.92866112759826,2,0.2857142857142857
A_monitor_takeout+gps_spoofing_r4_1785438366,A,monitor_takeout+gps_spoofing,,,,,,,49.85246061290722,2,0.2857142857142857
A_monitor_takeout+gps_spoofing_r5_1785438587,A,monitor_takeout+gps_spoofing,,,,,,,49.90055577821996,2,0.2857142857142857
B_monitor_takeout+gps_spoofing_r1_1785438807,B,monitor_takeout+gps_spoofing,50.0021,51.013,8.238,,,,49.84605870217647,2,0.2857142857142857
B_monitor_takeout+gps_spoofing_r2_1785439029,B,monitor_takeout+gps_spoofing,49.9011,50.6901,7.64,,,,49.956887527900236,2,0.2857142857142857
B_monitor_takeout+gps_spoofing_r3_1785439250,B,monitor_takeout+gps_spoofing,49.93045,50.9726,7.58,,,,49.95179169356276,2,0.2857142857142857
B_monitor_takeout+gps_spoofing_r4_1785439470,B,monitor_takeout+gps_spoofing,49.93405,50.8987,8.201,,,,49.91351384810047,2,0.2857142857142857
B_monitor_takeout+gps_spoofing_r5_1785439692,B,monitor_takeout+gps_spoofing,49.9543,50.661,7.375,,,,49.92647936959688,2,0.2857142857142857
C_monitor_takeout+gps_spoofing_r1_1785439913,C,monitor_takeout+gps_spoofing,50.02065,50.0505,7.516,2.99579119682312,mode_loiter,50.132074229539995,19.806017562270792,2,0.2857142857142857
C_monitor_takeout+gps_spoofing_r2_1785440135,C,monitor_takeout+gps_spoofing,49.997600000000006,50.0499,7.658,2.823477268218994,mode_loiter,49.9911688834032,19.60729418225716,2,0.2857142857142857
C_monitor_takeout+gps_spoofing_r3_1785440358,C,monitor_takeout+gps_spoofing,50.046549999999996,50.0857,8.218,2.9311647415161133,mode_loiter,50.159410332959546,19.97314545466569,1,0.14285714285714285
C_monitor_takeout+gps_spoofing_r4_1785440581,C,monitor_takeout+gps_spoofing,50.010450000000006,50.0989,7.429,2.9529809951782227,mode_loiter,49.9843288698457,19.63330749284577,2,0.2857142857142857
C_monitor_takeout+gps_spoofing_r5_1785440804,C,monitor_takeout+gps_spoofing,49.957300000000004,50.0131,7.886,2.9822046756744385,mode_loiter,50.08305159936096,19.81946185169163,2,0.2857142857142857
A_monitor_takeout+gps_spoofing_r1_1785441328,A,monitor_takeout+gps_spoofing,,,,,,,49.697235223681275,2,0.2857142857142857
A_monitor_takeout+gps_spoofing_r2_1785441549,A,monitor_takeout+gps_spoofing,,,,,,,49.82877081723044,2,0.2857142857142857
A_monitor_takeout+gps_spoofing_r3_1785441770,A,monitor_takeout+gps_spoofing,,,,,,,49.955900704590384,2,0.2857142857142857
A_monitor_takeout+gps_spoofing_r4_1785441991,A,monitor_takeout+gps_spoofing,,,,,,,49.918293060056804,2,0.2857142857142857
A_monitor_takeout+gps_spoofing_r5_1785442213,A,monitor_takeout+gps_spoofing,,,,,,,49.94514515863298,2,0.2857142857142857
B_monitor_takeout+gps_spoofing_r1_1785442434,B,monitor_takeout+gps_spoofing,49.9668,50.6333,7.971,,,,49.964298545231216,2,0.2857142857142857
B_monitor_takeout+gps_spoofing_r2_1785442654,B,monitor_takeout+gps_spoofing,49.88675,50.8503,7.14,,,,49.65712740452557,2,0.2857142857142857
B_monitor_takeout+gps_spoofing_r3_1785442875,B,monitor_takeout+gps_spoofing,49.94745,50.7353,7.77,,,,49.87244445445907,2,0.2857142857142857
B_monitor_takeout+gps_spoofing_r4_1785443097,B,monitor_takeout+gps_spoofing,50.007149999999996,51.0226,8.013,,,,49.997027190658464,2,0.2857142857142857
B_monitor_takeout+gps_spoofing_r5_1785443318,B,monitor_takeout+gps_spoofing,49.9611,50.7244,8.045,,,,49.8849118603441,2,0.2857142857142857
C_monitor_takeout+gps_spoofing_r1_1785443540,C,monitor_takeout+gps_spoofing,49.99565,50.0418,8.294,2.933610677719116,mode_loiter,49.999229318898664,19.63787564225444,2,0.2857142857142857
C_monitor_takeout+gps_spoofing_r2_1785443762,C,monitor_takeout+gps_spoofing,50.032,50.0994,7.982,2.5589065551757812,mode_loiter,50.24736747788092,19.9063301356491,3,0.42857142857142855
C_monitor_takeout+gps_spoofing_r3_1785443984,C,monitor_takeout+gps_spoofing,49.9525,50.0056,7.36,3.1376912593841553,mode_loiter,50.084156454751174,19.67009954598285,2,0.2857142857142857
C_monitor_takeout+gps_spoofing_r4_1785444207,C,monitor_takeout+gps_spoofing,50.0205,50.0446,8.05,3.0107781887054443,mode_loiter,49.999124638856024,19.696176778647853,2,0.2857142857142857
C_monitor_takeout+gps_spoofing_r5_1785444428,C,monitor_takeout+gps_spoofing,50.0126,50.1248,8.111,2.9185523986816406,mode_loiter,50.18321755315779,19.88207591396989,2,0.2857142857142857
A_monitor_takeout+gps_spoofing_r1_1785444952,A,monitor_takeout+gps_spoofing,,,,,,,49.97492277632472,2,0.2857142857142857
A_monitor_takeout+gps_spoofing_r2_1785445174,A,monitor_takeout+gps_spoofing,,,,,,,49.685123866525956,2,0.2857142857142857
A_monitor_takeout+gps_spoofing_r3_1785445395,A,monitor_takeout+gps_spoofing,,,,,,,49.94247990131324,2,0.2857142857142857
A_monitor_takeout+gps_spoofing_r4_1785445616,A,monitor_takeout+gps_spoofing,,,,,,,49.88195801471534,2,0.2857142857142857
A_monitor_takeout+gps_spoofing_r5_1785445838,A,monitor_takeout+gps_spoofing,,,,,,,49.87647956153391,2,0.2857142857142857
B_monitor_takeout+gps_spoofing_r1_1785446060,B,monitor_takeout+gps_spoofing,49.9932,50.7617,7.906,,,,49.87607572353483,2,0.2857142857142857
B_monitor_takeout+gps_spoofing_r2_1785446281,B,monitor_takeout+gps_spoofing,49.969899999999996,50.5782,6.091,,,,49.76301652815772,2,0.2857142857142857
B_monitor_takeout+gps_spoofing_r3_1785446504,B,monitor_takeout+gps_spoofing,50.04015,50.8161,7.88,,,,49.91963041212141,2,0.2857142857142857
B_monitor_takeout+gps_spoofing_r4_1785446725,B,monitor_takeout+gps_spoofing,49.86265,50.624,7.138,,,,49.50988081706306,2,0.2857142857142857
B_monitor_takeout+gps_spoofing_r5_1785446946,B,monitor_takeout+gps_spoofing,50.00435,50.8824,8.238,,,,49.98418844214895,2,0.2857142857142857
C_monitor_takeout+gps_spoofing_r1_1785447168,C,monitor_takeout+gps_spoofing,49.984849999999994,50.1001,7.614,2.9261279106140137,mode_loiter,49.90643467777294,19.646017097536728,2,0.2857142857142857
C_monitor_takeout+gps_spoofing_r2_1785447390,C,monitor_takeout+gps_spoofing,49.966750000000005,50.0594,8.037,2.763160228729248,mode_loiter,49.96118662374573,19.73380373423407,2,0.2857142857142857
C_monitor_takeout+gps_spoofing_r3_1785447614,C,monitor_takeout+gps_spoofing,49.9388,49.978,8.327,2.8291897773742676,mode_loiter,49.9856357470027,19.695679573591413,2,0.2857142857142857
C_monitor_takeout+gps_spoofing_r4_1785447836,C,monitor_takeout+gps_spoofing,49.997600000000006,50.061,8.182,2.9268128871917725,mode_loiter,50.078003524285904,19.634878050426348,2,0.2857142857142857
C_monitor_takeout+gps_spoofing_r5_1785448058,C,monitor_takeout+gps_spoofing,50.01385,50.0526,8.215,2.721795082092285,mode_loiter,50.16119019887508,20.044864613334703,1,0.14285714285714285
A_monitor_takeout+gps_spoofing_r2_1785448745,A,monitor_takeout+gps_spoofing,,0.0306,,,,,49.913944452698274,2,0.2857142857142857
A_monitor_takeout+gps_spoofing_r3_1785448967,A,monitor_takeout+gps_spoofing,,,,,,,49.7746149948855,2,0.2857142857142857
A_monitor_takeout+gps_spoofing_r4_1785449190,A,monitor_takeout+gps_spoofing,,,,,,,49.84699308592817,3,0.42857142857142855
A_monitor_takeout+gps_spoofing_r5_1785449411,A,monitor_takeout+gps_spoofing,,,,,,,49.852198434215794,2,0.2857142857142857
B_monitor_takeout+gps_spoofing_r1_1785449632,B,monitor_takeout+gps_spoofing,49.925399999999996,50.5925,8.199,,,,50.06664393622141,2,0.2857142857142857
B_monitor_takeout+gps_spoofing_r2_1785449853,B,monitor_takeout+gps_spoofing,49.90345000000001,50.6805,7.402,,,,49.880392731824884,2,0.2857142857142857
B_monitor_takeout+gps_spoofing_r3_1785450075,B,monitor_takeout+gps_spoofing,49.9869,50.7776,7.675,,,,49.87454449028915,2,0.2857142857142857
B_monitor_takeout+gps_spoofing_r4_1785450297,B,monitor_takeout+gps_spoofing,49.9542,50.6434,7.538,,,,49.95599293546031,2,0.2857142857142857
B_monitor_takeout+gps_spoofing_r5_1785450518,B,monitor_takeout+gps_spoofing,49.9546,50.2042,1.823,,,,19.229793107147295,0,0.0
C_monitor_takeout+gps_spoofing_r1_1785450739,C,monitor_takeout+gps_spoofing,49.998599999999996,50.1069,7.464,2.8911147117614746,mode_loiter,49.95301557178156,19.76294834853959,2,0.2857142857142857
C_monitor_takeout+gps_spoofing_r2_1785450961,C,monitor_takeout+gps_spoofing,49.9832,50.0574,7.46,2.7934792041778564,mode_loiter,50.31590592716203,19.918846627459377,2,0.2857142857142857
C_monitor_takeout+gps_spoofing_r3_1785451183,C,monitor_takeout+gps_spoofing,50.00675,50.1509,8.118,2.8116631507873535,mode_loiter,50.03699634209342,19.661831598025376,2,0.2857142857142857
C_monitor_takeout+gps_spoofing_r4_1785451406,C,monitor_takeout+gps_spoofing,49.9781,50.0538,7.706,2.7460601329803467,mode_loiter,50.056080825322375,19.78484501009356,2,0.2857142857142857
C_monitor_takeout+gps_spoofing_r5_1785451628,C,monitor_takeout+gps_spoofing,50.027,50.1004,7.517,3.0034241676330566,mode_loiter,50.249482523152096,19.811439338077392,2,0.2857142857142857
A_monitor_takeout+gps_spoofing_r1_1785452152,A,monitor_takeout+gps_spoofing,,,,,,,49.92667016638819,2,0.2857142857142857
A_monitor_takeout+gps_spoofing_r2_1785452373,A,monitor_takeout+gps_spoofing,,,,,,,49.86181403141075,2,0.2857142857142857
A_monitor_takeout+gps_spoofing_r3_1785452596,A,monitor_takeout+gps_spoofing,,,,,,,49.972034476245,3,0.42857142857142855
A_monitor_takeout+gps_spoofing_r4_1785452816,A,monitor_takeout+gps_spoofing,,,,,,,49.86902403946519,2,0.2857142857142857
B_monitor_takeout+gps_spoofing_r1_1785453258,B,monitor_takeout+gps_spoofing,49.90845,50.7978,7.431,,,,49.70183794552989,2,0.2857142857142857
B_monitor_takeout+gps_spoofing_r2_1785453478,B,monitor_takeout+gps_spoofing,49.9354,51.0329,6.212,,,,49.724197176809994,2,0.2857142857142857
B_monitor_takeout+gps_spoofing_r3_1785453700,B,monitor_takeout+gps_spoofing,50.02375,50.7248,7.564,,,,49.8648535096764,2,0.2857142857142857
B_monitor_takeout+gps_spoofing_r4_1785453921,B,monitor_takeout+gps_spoofing,50.000150000000005,50.8695,6.459,,,,49.71268087047973,2,0.2857142857142857
B_monitor_takeout+gps_spoofing_r5_1785454143,B,monitor_takeout+gps_spoofing,49.96225,50.7094,7.605,,,,49.89703511935798,2,0.2857142857142857
C_monitor_takeout+gps_spoofing_r1_1785454365,C,monitor_takeout+gps_spoofing,49.945,50.0531,7.579,2.776343584060669,mode_loiter,50.04110257645729,19.759892564728943,2,0.2857142857142857
C_monitor_takeout+gps_spoofing_r2_1785454588,C,monitor_takeout+gps_spoofing,50.01755,50.1383,8.237,2.9102344512939453,mode_loiter,50.16429052682458,19.723443334319462,2,0.2857142857142857
C_monitor_takeout+gps_spoofing_r3_1785454810,C,monitor_takeout+gps_spoofing,50.013000000000005,50.0469,8.133,2.9238433837890625,mode_loiter,50.240193902332315,19.845542115906177,2,0.2857142857142857
C_monitor_takeout+gps_spoofing_r4_1785455033,C,monitor_takeout+gps_spoofing,50.01035,50.0753,7.641,3.019869565963745,mode_loiter,50.075172510355216,19.760509288749276,2,0.2857142857142857
C_monitor_takeout+gps_spoofing_r5_1785455255,C,monitor_takeout+gps_spoofing,49.959599999999995,50.011,7.703,2.983492612838745,mode_loiter,50.0083146075228,19.727070886263853,2,0.2857142857142857
A_monitor_takeout+gps_spoofing_r1_1785455779,A,monitor_takeout+gps_spoofing,,,,,,,49.911401380063154,2,0.2857142857142857
A_monitor_takeout+gps_spoofing_r2_1785456001,A,monitor_takeout+gps_spoofing,,,,,,,49.71355437044506,2,0.2857142857142857
A_monitor_takeout+gps_spoofing_r3_1785456222,A,monitor_takeout+gps_spoofing,,,,,,,49.89460677610556,2,0.2857142857142857
A_monitor_takeout+gps_spoofing_r4_1785456443,A,monitor_takeout+gps_spoofing,,,,,,,49.9127152525926,2,0.2857142857142857
A_monitor_takeout+gps_spoofing_r5_1785456665,A,monitor_takeout+gps_spoofing,,,,,,,49.847624656515144,2,0.2857142857142857
B_monitor_takeout+gps_spoofing_r1_1785456887,B,monitor_takeout+gps_spoofing,49.9484,50.698,7.76,,,,49.914756015726795,2,0.2857142857142857
B_monitor_takeout+gps_spoofing_r2_1785457108,B,monitor_takeout+gps_spoofing,50.0537,51.0678,7.635,,,,49.848693058392335,2,0.2857142857142857
B_monitor_takeout+gps_spoofing_r3_1785457328,B,monitor_takeout+gps_spoofing,49.98435,50.8679,8.029,,,,49.97403175727696,2,0.2857142857142857
B_monitor_takeout+gps_spoofing_r4_1785457549,B,monitor_takeout+gps_spoofing,49.870850000000004,50.6214,7.14,,,,49.54573555903086,2,0.2857142857142857
B_monitor_takeout+gps_spoofing_r5_1785457770,B,monitor_takeout+gps_spoofing,49.8859,50.9238,8.292,,,,49.93352982172215,1,0.14285714285714285
C_monitor_takeout+gps_spoofing_r1_1785457992,C,monitor_takeout+gps_spoofing,50.0235,50.1241,7.907,2.80094575881958,mode_loiter,49.92742012199627,19.66591228752163,2,0.2857142857142857
C_monitor_takeout+gps_spoofing_r2_1785458214,C,monitor_takeout+gps_spoofing,49.9787,50.0406,8.172,3.0394113063812256,mode_loiter,49.9380000377284,19.630251085776173,2,0.2857142857142857
C_monitor_takeout+gps_spoofing_r3_1785458437,C,monitor_takeout+gps_spoofing,50.01945,50.0526,7.358,3.080552577972412,mode_loiter,50.58543209002991,49.75290061941695,1,0.14285714285714285
C_monitor_takeout+gps_spoofing_r4_1785458660,C,monitor_takeout+gps_spoofing,49.98465,50.0921,7.955,2.8963356018066406,mode_loiter,49.988443417531904,19.630072133482578,2,0.2857142857142857
C_monitor_takeout+gps_spoofing_r5_1785458882,C,monitor_takeout+gps_spoofing,49.9916,50.0677,7.907,2.8284783363342285,mode_loiter,50.26532328983318,20.001383680348688,2,0.2857142857142857
A_gps_spoofing_r1_1785561888,A,gps_spoofing,49.96025,50.2857,1.739,,,,8.352154208264027,0,0.0
A_gps_spoofing_r2_1785562112,A,gps_spoofing,49.9425,50.6563,8.181,,,,49.881362845292855,2,0.2857142857142857
A_gps_spoofing_r3_1785562334,A,gps_spoofing,49.88405,50.759,5.353,,,,49.92929980433719,2,0.2857142857142857
A_gps_spoofing_r4_1785562555,A,gps_spoofing,49.98555,50.8183,8.144,,,,49.836627461370256,2,0.2857142857142857
A_gps_spoofing_r5_1785562777,A,gps_spoofing,49.98905,50.8024,7.468,,,,49.81975963140978,2,0.2857142857142857
B_gps_spoofing_r1_1785562997,B,gps_spoofing,49.939350000000005,50.4596,5.179,,,,49.90055175093795,2,0.2857142857142857
B_gps_spoofing_r2_1785563219,B,gps_spoofing,49.95335,50.9308,7.589,,,,49.83440089774321,2,0.2857142857142857
B_gps_spoofing_r3_1785563441,B,gps_spoofing,49.9067,50.6864,6.441,,,,49.636665220441344,2,0.2857142857142857
B_gps_spoofing_r4_1785563663,B,gps_spoofing,49.900549999999996,50.9075,7.627,,,,49.88247046916894,2,0.2857142857142857
B_gps_spoofing_r5_1785563884,B,gps_spoofing,49.982749999999996,50.8769,6.297,,,,49.66274804912478,2,0.2857142857142857
C_gps_spoofing_r1_1785564106,C,gps_spoofing,50.00635,50.1794,7.99,3.040276527404785,mode_loiter,49.901727893709946,19.61548904162818,2,0.2857142857142857
C_gps_spoofing_r2_1785564328,C,gps_spoofing,50.010949999999994,50.0596,7.854,2.9935481548309326,mode_loiter,49.93682359465607,19.569997426808236,2,0.2857142857142857
C_gps_spoofing_r3_1785564550,C,gps_spoofing,49.9536,50.0493,8.189,2.7177228927612305,mode_loiter,50.04641524495574,19.683288123399983,2,0.2857142857142857
C_gps_spoofing_r4_1785564773,C,gps_spoofing,49.99565,50.0622,7.901,2.8846170902252197,mode_loiter,49.91443985840168,19.642078198126388,2,0.2857142857142857
C_gps_spoofing_r5_1785564996,C,gps_spoofing,50.0226,50.0738,7.741,2.7290987968444824,mode_loiter,50.07705751607423,19.728798742105024,2,0.2857142857142857
A_gps_spoofing_r1_1785569154,A,gps_spoofing,49.9755,50.702,8.018,,,,49.91053230764507,2,0.2857142857142857
A_gps_spoofing_r2_1785569376,A,gps_spoofing,49.81975,50.7608,7.783,,,,49.84685932049767,3,0.42857142857142855
A_gps_spoofing_r3_1785569597,A,gps_spoofing,49.897,51.062,8.057,,,,49.707628598127656,3,0.42857142857142855
A_gps_spoofing_r4_1785569818,A,gps_spoofing,49.96055,50.9786,7.958,,,,49.77980131966838,2,0.2857142857142857
A_gps_spoofing_r5_1785570039,A,gps_spoofing,49.891149999999996,50.7979,6.277,,,,49.6433548882642,2,0.2857142857142857
B_gps_spoofing_r1_1785570261,B,gps_spoofing,49.920500000000004,50.9513,8.249,,,,49.925888191517735,2,0.2857142857142857
B_gps_spoofing_r2_1785570483,B,gps_spoofing,49.9965,50.6298,6.188,,,,49.76685803093734,2,0.2857142857142857
B_gps_spoofing_r3_1785570705,B,gps_spoofing,49.867450000000005,50.6968,7.411,,,,49.67304251228075,2,0.2857142857142857
B_gps_spoofing_r4_1785570926,B,gps_spoofing,49.9093,50.7055,6.344,,,,49.623844046200915,2,0.2857142857142857
B_gps_spoofing_r5_1785571148,B,gps_spoofing,49.95635,50.8343,6.429,,,,49.608308277137674,2,0.2857142857142857
C_gps_spoofing_r1_1785571370,C,gps_spoofing,50.0158,50.1091,7.64,2.969580888748169,mode_loiter,50.16131562451541,20.005960111295572,2,0.2857142857142857
C_gps_spoofing_r2_1785571592,C,gps_spoofing,49.99375,50.0625,7.632,2.9365317821502686,mode_loiter,45.420366930658204,21.24794554706381,1,0.14285714285714285
C_gps_spoofing_r3_1785571814,C,gps_spoofing,50.008399999999995,50.0782,8.209,2.879967451095581,mode_loiter,50.14039463509915,19.731733893482197,2,0.2857142857142857
C_gps_spoofing_r4_1785572037,C,gps_spoofing,49.975350000000006,50.024,7.645,2.95935320854187,mode_loiter,49.97762990215382,19.5165584001753,2,0.2857142857142857
C_gps_spoofing_r5_1785572260,C,gps_spoofing,49.98815,50.0006,7.433,2.957531452178955,mode_loiter,50.08262725756479,19.75552883652384,2,0.2857142857142857
A_comm_disruption_r1_1785565520,A,comm_disruption,,0.0288,,,,,0.46079592083596055,3,0.42857142857142855
A_comm_disruption_r2_1785565742,A,comm_disruption,,0.0283,,,,,0.6335078560042284,3,0.42857142857142855
A_comm_disruption_r3_1785565964,A,comm_disruption,,0.017,,,,,10.940145068704572,3,0.42857142857142855
A_comm_disruption_r4_1785566186,A,comm_disruption,,0.0343,,,,,0.6766777227782875,3,0.42857142857142855
A_comm_disruption_r5_1785566408,A,comm_disruption,,0.0209,,,,,1.1233837178471053,3,0.42857142857142855
B_comm_disruption_r1_1785566628,B,comm_disruption,,0.0476,,,,,0.4130763534621392,3,0.42857142857142855
B_comm_disruption_r2_1785566849,B,comm_disruption,,0.0235,,,,,-0.04325982538621412,1,0.14285714285714285
B_comm_disruption_r3_1785567073,B,comm_disruption,,0.0185,,,,,0.6279684064851618,3,0.42857142857142855
B_comm_disruption_r4_1785567294,B,comm_disruption,,0.035,,,,,0.6132891078798997,3,0.42857142857142855
B_comm_disruption_r5_1785567516,B,comm_disruption,,0.0494,,,,,1.3411056890486348,3,0.42857142857142855
C_comm_disruption_r1_1785567737,C,comm_disruption,,0.0539,,,,,0.543118438950805,3,0.42857142857142855
C_comm_disruption_r2_1785567960,C,comm_disruption,,0.019,,,,,5.269181385523586,3,0.42857142857142855
C_comm_disruption_r3_1785568182,C,comm_disruption,,,,,,,16.33394267905968,2,0.2857142857142857
C_comm_disruption_r4_1785568407,C,comm_disruption,,0.0495,,,,,4.149270351488678,3,0.42857142857142855
C_comm_disruption_r5_1785568630,C,comm_disruption,,0.0118,,,,,0.6497998416940398,3,0.42857142857142855
A_comm_disruption_r1_1785572785,A,comm_disruption,,0.0449,,,,,4.651455854634017,3,0.42857142857142855
A_comm_disruption_r2_1785573007,A,comm_disruption,,0.0398,,,,,1.8351837119290053,3,0.42857142857142855
A_comm_disruption_r3_1785573228,A,comm_disruption,,0.0207,,,,,0.40253408914699573,3,0.42857142857142855
A_comm_disruption_r4_1785573449,A,comm_disruption,,0.0607,,,,,2.2616521523634887,3,0.42857142857142855
A_comm_disruption_r5_1785573671,A,comm_disruption,,0.0248,,,,,2.8532623477913095,3,0.42857142857142855
B_comm_disruption_r1_1785573893,B,comm_disruption,,0.0292,,,,,3.1922363292774754,3,0.42857142857142855
B_comm_disruption_r2_1785574114,B,comm_disruption,,0.0443,,,,,1.4296496183880498,3,0.42857142857142855
B_comm_disruption_r3_1785574337,B,comm_disruption,,0.14,,,,,74.23307579855124,3,0.42857142857142855
B_comm_disruption_r4_1785574558,B,comm_disruption,,0.0518,,,,,0.30158344848615515,3,0.42857142857142855
B_comm_disruption_r5_1785574780,B,comm_disruption,,0.0469,,,,,2.8845799255851627,3,0.42857142857142855
C_comm_disruption_r1_1785575001,C,comm_disruption,,0.0224,,,,,-0.040433020810292694,1,0.14285714285714285
C_comm_disruption_r2_1785575224,C,comm_disruption,,0.0043,,,,,1.1688313718450236,4,0.5714285714285714
C_comm_disruption_r3_1785575447,C,comm_disruption,,0.0132,,,,,-0.048388134226375085,1,0.14285714285714285
C_comm_disruption_r4_1785575669,C,comm_disruption,,0.0351,,,,,5.2580816961740195,3,0.42857142857142855
C_comm_disruption_r5_1785575891,C,comm_disruption,,0.0242,,,,,2.54234920626554,3,0.42857142857142855
A_none_r1_1785481806,A,none,0.27025,1.0363,,,,,,7,1.0
A_none_r2_1785482028,A,none,0.32935000000000003,0.9285,,,,,,7,1.0
A_none_r3_1785482250,A,none,0.28955,0.9458,,,,,,7,1.0
A_none_r4_1785482471,A,none,0.2265,0.9741,,,,,,7,1.0
A_none_r5_1785482693,A,none,0.265,1.0587,,,,,,7,1.0
B_none_r1_1785482914,B,none,0.22544999999999998,1.049,,,,,,8,1.1428571428571428
B_none_r2_1785483136,B,none,0.2101,0.8624,,,,,,7,1.0
B_none_r3_1785483357,B,none,,211.5344,44.449,,,,,6,0.8571428571428571
B_none_r4_1785483580,B,none,0.3345,0.9222,,,,,,8,1.1428571428571428
B_none_r5_1785483802,B,none,0.26985,0.9056,,,,,,7,1.0
C_none_r1_1785484024,C,none,0.23095,0.8792,,,,,,7,1.0
C_none_r2_1785484247,C,none,0.30855,0.9287,,,,,,7,1.0
C_none_r3_1785484469,C,none,0.31184999999999996,0.9371,,,,,,7,1.0
C_none_r4_1785484691,C,none,0.44185,0.9496,,,,,,7,1.0
C_none_r5_1785484914,C,none,0.3363,0.9682,,,,,,7,1.0
A_none_r1_1785485440,A,none,0.2703,1.054,,,,,,7,1.0
A_none_r2_1785485662,A,none,,,,,,,,0,0.0
A_none_r3_1785485887,A,none,0.28855,0.9872,,,,,,7,1.0
A_none_r4_1785486108,A,none,0.14405,1.0476,,,,,,7,1.0
A_none_r5_1785486328,A,none,0.2622,0.9763,,,,,,7,1.0
B_none_r1_1785486550,B,none,0.38280000000000003,1.0906,,,,,,7,1.0
B_none_r2_1785486772,B,none,0.37775000000000003,1.0339,,,,,,8,1.1428571428571428
B_none_r3_1785486994,B,none,,,,,,,,0,0.0
B_none_r4_1785487217,B,none,0.215,1.4266,,,,,,7,1.0
B_none_r5_1785487439,B,none,0.39954999999999996,0.9097,,,,,,8,1.1428571428571428
C_none_r1_1785487661,C,none,0.3208,0.991,,,,,,7,1.0
C_none_r2_1785487884,C,none,0.23365,1.0737,,,,,,7,1.0
C_none_r3_1785488107,C,none,0.2556,1.0305,,,,,,7,1.0
C_none_r4_1785488329,C,none,0.27575,1.0303,,,,,,7,1.0
C_none_r5_1785488551,C,none,0.0917,0.9854,,,,,,7,1.0
A_none_r1_1785489076,A,none,0.20845000000000002,0.8968,,,,,,8,1.1428571428571428
A_none_r2_1785489298,A,none,0.2655,0.9043,,,,,,8,1.1428571428571428
A_none_r3_1785489519,A,none,0.3951,1.0511,,,,,,7,1.0
A_none_r4_1785489740,A,none,0.24435,0.9082,,,,,,7,1.0
A_none_r5_1785489960,A,none,0.292,0.9406,,,,,,7,1.0
B_none_r1_1785490182,B,none,0.2658,0.8741,,,,,,7,1.0
B_none_r2_1785490403,B,none,0.32625,0.8641,,,,,,7,1.0
B_none_r3_1785490624,B,none,0.2355,0.9127,,,,,,7,1.0
B_none_r4_1785490845,B,none,0.30835,0.9769,,,,,,7,1.0
B_none_r5_1785491067,B,none,0.32055,0.9572,,,,,,7,1.0
C_none_r1_1785491289,C,none,0.3121,1.1033,,,,,,7,1.0
C_none_r2_1785491511,C,none,0.22105,0.9553,,,,,,7,1.0
C_none_r3_1785491734,C,none,0.2788,0.8771,,,,,,8,1.1428571428571428
C_none_r4_1785491956,C,none,0.3109,1.0516,,,,,,7,1.0
C_none_r5_1785492179,C,none,0.16094999999999998,0.917,,,,,,8,1.1428571428571428
A_none_r1_1785492704,A,none,0.28015,0.9628,,,,,,7,1.0
A_none_r2_1785492926,A,none,0.34909999999999997,0.9667,,,,,,7,1.0
A_none_r3_1785493149,A,none,0.26745,1.0159,,,,,,7,1.0
A_none_r4_1785493370,A,none,0.2398,0.9119,,,,,,7,1.0
A_none_r5_1785493592,A,none,0.28845,1.1125,,,,,,7,1.0
B_none_r1_1785493813,B,none,0.25005,0.9591,,,,,,7,1.0
B_none_r2_1785494035,B,none,0.32565,0.7825,,,,,,7,1.0
B_none_r3_1785494256,B,none,0.21839999999999998,0.9399,,,,,,7,1.0
B_none_r4_1785494478,B,none,0.24305000000000002,1.073,,,,,,7,1.0
B_none_r5_1785494699,B,none,0.26880000000000004,1.0111,,,,,,8,1.1428571428571428
C_none_r1_1785494921,C,none,0.2779,1.0085,,,,,,7,1.0
C_none_r2_1785495143,C,none,0.1208,0.9848,,,,,,7,1.0
C_none_r3_1785495366,C,none,0.25985,0.9307,,,,,,7,1.0
C_none_r4_1785495588,C,none,0.34330000000000005,0.8205,,,,,,7,1.0
C_none_r5_1785495812,C,none,0.26595,0.9762,,,,,,7,1.0
A_none_r1_1785496337,A,none,0.30905,0.9724,,,,,,7,1.0
A_none_r2_1785496559,A,none,0.2489,0.8975,,,,,,7,1.0
A_none_r3_1785496781,A,none,0.36985,1.0741,,,,,,8,1.1428571428571428
A_none_r4_1785497002,A,none,0.13655,0.875,,,,,,7,1.0
A_none_r5_1785497223,A,none,0.3044,1.0537,,,,,,7,1.0
B_none_r1_1785497444,B,none,0.23875,0.943,,,,,,7,1.0
B_none_r2_1785497665,B,none,0.2039,1.0168,,,,,,7,1.0
B_none_r3_1785497885,B,none,0.3462,1.078,,,,,,7,1.0
B_none_r4_1785498106,B,none,0.3115,0.954,,,,,,7,1.0
B_none_r5_1785498327,B,none,0.3578,1.0637,,,,,,7,1.0
C_none_r1_1785498549,C,none,0.31895,1.0207,,,,,,7,1.0
C_none_r2_1785498771,C,none,0.30135,0.9783,,,,,,7,1.0
C_none_r3_1785498995,C,none,0.17305,0.9209,,,,,,8,1.1428571428571428
C_none_r4_1785499217,C,none,0.2114,0.9386,,,,,,7,1.0
C_none_r5_1785499439,C,none,0.30565,0.976,,,,,,7,1.0
A_none_r1_1785499965,A,none,0.28245,0.9158,,,,,,8,1.1428571428571428
A_none_r2_1785500187,A,none,0.3715,0.9444,,,,,,7,1.0
A_none_r3_1785500408,A,none,0.2742,0.9051,,,,,,8,1.1428571428571428
A_none_r4_1785500630,A,none,0.20600000000000002,1.0227,,,,,,7,1.0
A_none_r5_1785500852,A,none,0.31055,1.0627,,,,,,8,1.1428571428571428
B_none_r1_1785501074,B,none,0.2945,0.9644,,,,,,7,1.0
B_none_r2_1785501294,B,none,0.1953,0.9417,,,,,,7,1.0
B_none_r3_1785501516,B,none,0.21015,0.9812,,,,,,7,1.0
B_none_r4_1785501736,B,none,0.3667,0.923,,,,,,7,1.0
B_none_r5_1785501957,B,none,0.24175,0.8925,,,,,,7,1.0
C_none_r1_1785502179,C,none,0.24465,0.8997,,,,,,7,1.0
C_none_r2_1785502403,C,none,0.124,0.9806,,,,,,7,1.0
C_none_r3_1785502625,C,none,0.3477,0.8697,,,,,,7,1.0
C_none_r4_1785502848,C,none,0.23409999999999997,1.0265,,,,,,7,1.0
C_none_r5_1785503071,C,none,0.2826,1.0166,,,,,,7,1.0
